networkadapter_luid,nodeid,snapshotid,creationclassname,deviceid,systemcreationclassname,systemname,name,networkaddresses,statusinfo,permanentaddress,caption,ethernetadp_internalmacrcverr,ethernetadp_internalmactranerr,fullduplex,octetstransmitted,octetsreceived,maxspeed,ipprotocolendpoint_subnetmask,dc_broadcastaddress,dc_dhcpenabled,r_inputerrors,r_outputerrors,r_duplex,r_macaddress,dc_adminstatus,dc_operstatus,lanendpoint_protocoltype,lanendpoint_operationalstatus,ethernetport_porttype,ethernetport_maxdatasize,ipv6address,manufacturer
2203318224196,1403,-1,CIM_NetworkAdapter,4,CIM_ComputerSystem,sc9-l07-oa1a.vmware.com, ,,,00:1B:78:E4:6C:A5,eth3,0,0,,0,0,10000000,,,,,,"",001B78E46CA5,Up,Down,,,,,,
2203318229417,3,-1,CIM_NetworkAdapter,1,CIM_ComputerSystem,s2-uat-portal-9.vmware.com, ,127.0.0.1,,"",lo,0,0,,4242494931,4242494931,10000000,255.0.0.0,,,,,"","",Up,Up,,,,,,
2203318229425,3827,-1,CIM_NetworkAdapter,1,CIM_ComputerSystem,sc9-bm.026-pdu-red-k13.vmware.com, ,0,,00:19:85:00:98:F4,eth0,0,0,,0,0,10000000,255.255.248.0,,,,,"",0019850098F4,Up,Up,,,,,,
2203318229465,3807,-1,CIM_NetworkAdapter,1,CIM_ComputerSystem,sc9-bm.026-pdu-red-k09.vmware.com, ,0,,00:19:85:00:80:31,eth0,0,0,,0,0,10000000,255.255.248.0,,,,,"",001985008031,Up,Up,,,,,,
2203318229418,3,-1,CIM_NetworkAdapter,2,CIM_ComputerSystem,s2-uat-portal-9.vmware.com, ,10.130.45.3,,00:50:56:98:00:FA,eth0,0,0,,2824328371,4213351040,1000000000,255.255.252.0,,,,,"",0050569800FA,Up,Up,,,,,,
2203318229490,1320,-1,CIM_NetworkAdapter,1,CIM_ComputerSystem,communities-prod-app-1-ilo.vmware.com, ,127.0.0.1,,"",lo,0,0,,2994582363,2994582363,10000000,255.0.0.0,,,,,"","",Up,Up,,,,,,
2203318229419,3,-1,CIM_NetworkAdapter,3,CIM_ComputerSystem,s2-uat-portal-9.vmware.com, ,,,"",sit0,0,0,,0,0,0,,,,,,"","",Down,Down,,,,,,
2203318229420,3824,-1,CIM_NetworkAdapter,1,CIM_ComputerSystem,sc9-bm.026-pdu-pri-k03.vmware.com, ,0,,00:19:85:00:80:2B,eth0,0,0,,0,0,10000000,255.255.248.0,,,,,"",00198500802B,Up,Up,,,,,,
2203318229426,3826,-1,CIM_NetworkAdapter,1,CIM_ComputerSystem,sc9-bm.026-pdu-pri-k13.vmware.com, ,0,,00:19:85:00:98:EF,eth0,0,0,,0,0,10000000,255.255.248.0,,,,,"",0019850098EF,Up,Up,,,,,,
2203318229421,3825,-1,CIM_NetworkAdapter,1,CIM_ComputerSystem,sc9-bm.026-pdu-red-k02.vmware.com, ,0,,00:19:85:00:80:16,eth0,0,0,,0,0,10000000,255.255.248.0,,,,,"",001985008016,Up,Up,,,,,,
2203318229441,13,-1,CIM_NetworkAdapter,1,CIM_ComputerSystem,s2-uat-lrp-4.vmware.com, ,127.0.0.1,,"",lo,0,0,,3001932704,3001932704,10000000,255.0.0.0,,,,,"","",Up,Up,,,,,,
2203318229448,19,-1,CIM_NetworkAdapter,2,CIM_ComputerSystem,s2-uat-lrp-3.vmware.com, ,10.130.45.23,,00:50:56:98:01:81,eth0,0,0,,1168544241,545270532,1000000000,255.255.252.0,,,,,"",005056980181,Up,Up,,,,,,
2203318229460,3819,-1,CIM_NetworkAdapter,1,CIM_ComputerSystem,sc9-bm.026-pdu-pri-h01.vmware.com, ,0,,00:19:85:E0:AD:6F,eth0,0,0,,0,0,10000000,255.255.248.0,,,,,"",001985E0AD6F,Up,Up,,,,,,
2203318229427,3828,-1,CIM_NetworkAdapter,1,CIM_ComputerSystem,sc9-bm.026-pdu-pri-l05.vmware.com, ,0,,00:19:85:00:80:36,eth0,0,0,,0,0,10000000,255.255.248.0,,,,,"",001985008036,Up,Up,,,,,,
2203318229431,11,-1,CIM_NetworkAdapter,1,CIM_ComputerSystem,s2-uat-portal-10.vmware.com, ,127.0.0.1,,"",lo,0,0,,4229373695,4229373695,10000000,255.0.0.0,,,,,"","",Up,Up,,,,,,
2203318229428,4,-1,CIM_NetworkAdapter,1,CIM_ComputerSystem,s2-uat-portal-7.vmware.com, ,127.0.0.1,,"",lo,0,0,,1271584605,1271584605,10000000,255.0.0.0,,,,,"","",Up,Up,,,,,,
2203318229432,10,-1,CIM_NetworkAdapter,1,CIM_ComputerSystem,s2-uat-portal-8.vmware.com, ,127.0.0.1,,"",lo,0,0,,2085335446,2085335446,10000000,255.0.0.0,,,,,"","",Up,Up,,,,,,
2203318229429,4,-1,CIM_NetworkAdapter,2,CIM_ComputerSystem,s2-uat-portal-7.vmware.com, ,10.130.45.1,,00:50:56:98:00:F8,eth0,0,0,,113713427,825003003,1000000000,255.255.252.0,,,,,"",0050569800F8,Up,Up,,,,,,
2203318229433,11,-1,CIM_NetworkAdapter,2,CIM_ComputerSystem,s2-uat-portal-10.vmware.com, ,10.130.45.4,,00:50:56:98:00:FB,eth0,0,0,,1528787766,3755527176,1000000000,255.255.252.0,,,,,"",0050569800FB,Up,Up,,,,,,
2203318229430,4,-1,CIM_NetworkAdapter,3,CIM_ComputerSystem,s2-uat-portal-7.vmware.com, ,,,"",sit0,0,0,,0,0,0,,,,,,"","",Down,Down,,,,,,
2203318229472,1394,-1,CIM_NetworkAdapter,7,CIM_ComputerSystem,sc9-l07-oa1b.vmware.com, ,,,"",sit0,0,0,,0,0,0,,,,,,,,Down,Down,,,,,,
2203318229463,3822,-1,CIM_NetworkAdapter,1,CIM_ComputerSystem,sc9-bm.026-pdu-red-k01.vmware.com, ,0,,00:19:85:00:80:13,eth0,0,0,,0,0,10000000,255.255.248.0,,,,,"",001985008013,Up,Up,,,,,,
2203318229808,1060,-1,CIM_NetworkAdapter,65539,CIM_ComputerSystem,parootdc06-ilo.vmware.com, ,10.16.45.209,,00:1E:0B:1F:04:52,HP Network Team #1,0,0,,4262275700,2827638812,2000000000,255.255.255.0,,,,,"",001E0B1F0452,Up,Up,,,,,,
2203318229435,11,-1,CIM_NetworkAdapter,3,CIM_ComputerSystem,s2-uat-portal-10.vmware.com, ,,,"",sit0,0,0,,0,0,0,,,,,,"","",Down,Down,,,,,,
2203318229440,3839,-1,CIM_NetworkAdapter,1,CIM_ComputerSystem,sc9-bm.026-pdu-red-n06.vmware.com, ,0,,00:19:85:00:80:20,eth0,0,0,,0,0,10000000,255.255.248.0,,,,,"",001985008020,Up,Up,,,,,,
2203318229436,10,-1,CIM_NetworkAdapter,3,CIM_ComputerSystem,s2-uat-portal-8.vmware.com, ,,,"",sit0,0,0,,0,0,0,,,,,,"","",Down,Down,,,,,,
2203318229807,1060,-1,CIM_NetworkAdapter,1,CIM_ComputerSystem,parootdc06-ilo.vmware.com, ,127.0.0.1,,"",MS TCP Loopback interface,0,0,,4005391562,4005391562,1000000000,255.0.0.0,,,,,"","",Up,Up,,,,,,
2203318229449,19,-1,CIM_NetworkAdapter,3,CIM_ComputerSystem,s2-uat-lrp-3.vmware.com, ,,,"",sit0,0,0,,0,0,0,,,,,,"","",Down,Down,,,,,,
2203318229461,3820,-1,CIM_NetworkAdapter,1,CIM_ComputerSystem,sc9-bm.026-pdu-pri-h04.vmware.com, ,0,,00:19:85:E0:AD:34,eth0,0,0,,0,0,10000000,255.255.248.0,,,,,"",001985E0AD34,Up,Up,,,,,,
2203318229434,10,-1,CIM_NetworkAdapter,2,CIM_ComputerSystem,s2-uat-portal-8.vmware.com, ,10.130.45.2,,00:50:56:98:00:F9,eth0,0,0,,4137536355,881495304,1000000000,255.255.252.0,,,,,"",0050569800F9,Up,Up,,,,,,
2203318229437,3835,-1,CIM_NetworkAdapter,1,CIM_ComputerSystem,sc9-bm.026-pdu-pri-n02.vmware.com, ,0,,00:19:85:00:72:B8,eth0,0,0,,0,0,10000000,255.255.248.0,,,,,"",0019850072B8,Up,Up,,,,,,
2203318229479,3261,-1,CIM_NetworkAdapter,1,CIM_ComputerSystem,sc9-bm.026-pdu-red-j11.vmware.com, ,0,,00:19:85:00:98:FF,eth0,0,0,,0,0,10000000,255.255.248.0,,,,,"",0019850098FF,Up,Up,,,,,,
2203318229438,3837,-1,CIM_NetworkAdapter,1,CIM_ComputerSystem,sc9-bm.026-pdu-red-n09.vmware.com, ,0,,00:19:85:00:80:27,eth0,0,0,,0,0,10000000,255.255.248.0,,,,,"",001985008027,Up,Up,,,,,,
2203318229470,1394,-1,CIM_NetworkAdapter,5,CIM_ComputerSystem,sc9-l07-oa1b.vmware.com, ,127.0.0.1,,"",lo,0,0,,549461775,549461775,10000000,255.0.0.0,,,,,,,Up,Up,,,,,,
2203318229442,13,-1,CIM_NetworkAdapter,2,CIM_ComputerSystem,s2-uat-lrp-4.vmware.com, ,10.130.45.24,,00:50:56:98:01:82,eth0,0,0,,1369040101,3426088333,1000000000,255.255.252.0,,,,,"",005056980182,Up,Up,,,,,,
2203318229439,3836,-1,CIM_NetworkAdapter,1,CIM_ComputerSystem,sc9-bm.026-pdu-red-n05.vmware.com, ,0,,00:19:85:00:80:22,eth0,0,0,,0,0,10000000,255.255.248.0,,,,,"",001985008022,Up,Up,,,,,,
2203318229475,1394,-1,CIM_NetworkAdapter,10,CIM_ComputerSystem,sc9-l07-oa1b.vmware.com, ,169.254.1.92,,00:19:BB:2C:B9:71,elinkbr,0,0,,182071098,0,10000000,255.255.0.0,,,,,,,Up,Up,,,,,,
2203318229451,16,-1,CIM_NetworkAdapter,1,CIM_ComputerSystem,s2-uat-lrp-1.vmware.com, ,127.0.0.1,,"",lo,0,0,,2596689539,2596689539,10000000,255.0.0.0,,,,,"","",Up,Up,,,,,,
2203318229443,13,-1,CIM_NetworkAdapter,3,CIM_ComputerSystem,s2-uat-lrp-4.vmware.com, ,,,"",sit0,0,0,,0,0,0,,,,,,"","",Down,Down,,,,,,
2203318229445,18,-1,CIM_NetworkAdapter,2,CIM_ComputerSystem,s2-uat-lrp-2.vmware.com, ,10.130.45.22,,00:50:56:98:01:80,eth0,0,0,,4186960092,2910176878,1000000000,255.255.252.0,,,,,"",005056980180,Up,Up,,,,,,
2203318229484,1322,-1,CIM_NetworkAdapter,3,CIM_ComputerSystem,communities-prod-app-3-ilo.vmware.com, ,,,00:1E:0B:5F:FE:30,eth1,0,0,,0,0,10000000,,,,,,"",001E0B5FFE30,Down,Down,,,,,,
2203318229444,18,-1,CIM_NetworkAdapter,1,CIM_ComputerSystem,s2-uat-lrp-2.vmware.com, ,127.0.0.1,,"",lo,0,0,,1390158187,1390158187,10000000,255.0.0.0,,,,,"","",Up,Up,,,,,,
2203318229453,16,-1,CIM_NetworkAdapter,3,CIM_ComputerSystem,s2-uat-lrp-1.vmware.com, ,10.130.45.21,,00:50:56:98:5A:A0,eth0,3,0,,4246222869,1677981064,1000000000,255.255.252.0,,,,,"",005056985AA0,Up,Up,,,,,,
2203318229446,18,-1,CIM_NetworkAdapter,3,CIM_ComputerSystem,s2-uat-lrp-2.vmware.com, ,,,"",sit0,0,0,,0,0,0,,,,,,"","",Down,Down,,,,,,
2203318229447,19,-1,CIM_NetworkAdapter,1,CIM_ComputerSystem,s2-uat-lrp-3.vmware.com, ,127.0.0.1,,"",lo,0,0,,610461764,610461764,10000000,255.0.0.0,,,,,"","",Up,Up,,,,,,
2203318229450,3838,-1,CIM_NetworkAdapter,1,CIM_ComputerSystem,sc9-bm.026-pdu-red-n10.vmware.com, ,0,,00:19:85:00:72:AF,eth0,0,0,,0,0,10000000,255.255.248.0,,,,,"",0019850072AF,Up,Up,,,,,,
2203318229476,1394,-1,CIM_NetworkAdapter,11,CIM_ComputerSystem,sc9-l07-oa1b.vmware.com, ,,,00:18:FE:8C:A8:0D,udogbr,0,0,,307782,1953160220,10000000,,,,,,,,Up,Up,,,,,,
2203318229456,17,-1,CIM_NetworkAdapter,3,CIM_ComputerSystem,s2-uat-hhq-2.vmware.com, ,,,"",sit0,0,0,,0,0,0,,,,,,"","",Down,Down,,,,,,
2203318229452,16,-1,CIM_NetworkAdapter,2,CIM_ComputerSystem,s2-uat-lrp-1.vmware.com, ,,,"",sit0,0,0,,0,0,0,,,,,,"","",Down,Down,,,,,,
2203318229454,17,-1,CIM_NetworkAdapter,1,CIM_ComputerSystem,s2-uat-hhq-2.vmware.com, ,127.0.0.1,,"",lo,0,0,,1835297625,1835297625,10000000,255.0.0.0,,,,,"","",Up,Up,,,,,,
2203318226228,2814,-1,CIM_NetworkAdapter,1,CIM_ComputerSystem,10.113.195.21, ,0,,00:19:85:00:80:12,eth0,0,0,,0,0,10000000,255.255.248.0,,,,,"",001985008012,Up,Up,,,,,,
2203318229422,1,-1,CIM_NetworkAdapter,1,CIM_ComputerSystem,oacentral.vmware.com, ,127.0.0.1,,"",lo,0,0,,628933250,628933250,10000000,255.0.0.0,,,,,"","",Up,Up,,,,,,
2203318229455,17,-1,CIM_NetworkAdapter,2,CIM_ComputerSystem,s2-uat-hhq-2.vmware.com, ,10.130.45.20,,00:50:56:98:01:7E,eth0,0,0,,1448192893,3384501482,1000000000,255.255.252.0,,,,,"",00505698017E,Up,Up,,,,,,
2203318226241,1285,-1,CIM_NetworkAdapter,8,CIM_ComputerSystem,sc9-l06-oa1b.vmware.com, ,,,"",ip6tnl0,0,0,,0,0,0,,,,,,"","",Down,Down,,,,,,
2203318226235,1285,-1,CIM_NetworkAdapter,2,CIM_ComputerSystem,sc9-l06-oa1b.vmware.com, ,10.113.58.29,,00:1C:C4:14:C9:F3,eth1,0,0,,1533865772,3616013616,100000000,255.255.254.0,,,,,"",001CC414C9F3,Up,Up,,,,,,
2203318226242,1285,-1,CIM_NetworkAdapter,9,CIM_ComputerSystem,sc9-l06-oa1b.vmware.com, ,169.254.1.15,,00:1B:78:E4:9B:E5,elinkbr,0,0,,203858550,0,10000000,255.255.0.0,,,,,"",001B78E49BE5,Up,Up,,,,,,
2203318229459,3818,-1,CIM_NetworkAdapter,1,CIM_ComputerSystem,sc9-bm.026-pdu-pri-n06.vmware.com, ,0,,00:19:85:00:80:1C,eth0,0,0,,0,0,10000000,255.255.248.0,,,,,"",00198500801C,Up,Up,,,,,,
2203318229457,3816,-1,CIM_NetworkAdapter,1,CIM_ComputerSystem,sc9-bm.026-pdu-pri-n05.vmware.com, ,0,,00:19:85:00:80:1E,eth0,0,0,,0,0,10000000,255.255.248.0,,,,,"",00198500801E,Up,Up,,,,,,
2203318229512,3688,-1,CIM_NetworkAdapter,1,CIM_ComputerSystem,sc9-bm.026-pdu-red-h02.vmware.com, ,0,,00:19:85:E0:AD:74,eth0,0,0,,0,0,10000000,255.255.248.0,,,,,"",001985E0AD74,Up,Up,,,,,,
2203318229458,3817,-1,CIM_NetworkAdapter,1,CIM_ComputerSystem,sc9-bm.026-pdu-pri-n10.vmware.com, ,0,,00:19:85:00:72:B2,eth0,0,0,,0,0,10000000,255.255.248.0,,,,,"",0019850072B2,Up,Up,,,,,,
2203318229462,3821,-1,CIM_NetworkAdapter,1,CIM_ComputerSystem,sc9-bm.026-pdu-pri-i03.vmware.com, ,0,,00:19:85:00:80:21,eth0,0,0,,0,0,10000000,255.255.248.0,,,,,"",001985008021,Up,Up,,,,,,
2203318229478,3227,-1,CIM_NetworkAdapter,1,CIM_ComputerSystem,sc9-bm.026-pdu-red-k12.vmware.com, ,0,,00:19:85:00:80:2E,eth0,0,0,,0,0,10000000,255.255.248.0,,,,,"",00198500802E,Up,Up,,,,,,
2203318229482,1322,-1,CIM_NetworkAdapter,1,CIM_ComputerSystem,communities-prod-app-3-ilo.vmware.com, ,127.0.0.1,,"",lo,0,0,,1596462931,1596462931,10000000,255.0.0.0,,,,,"","",Up,Up,,,,,,
2203318229464,3823,-1,CIM_NetworkAdapter,1,CIM_ComputerSystem,sc9-bm.026-pdu-pri-k02.vmware.com, ,0,,00:19:85:00:80:17,eth0,0,0,,0,0,10000000,255.255.248.0,,,,,"",001985008017,Up,Up,,,,,,
2203318229547,933,-1,CIM_NetworkAdapter,10123,CIM_ComputerSystem,osdc-mcd05-3750-sw1.vmware.com, ,,,00:1D:E6:0D:4C:17,GigabitEthernet0/23,0,0,,0,0,10000000,,,,,,"",001DE60D4C17,Up,Down,,,,,,
2203318229477,2808,-1,CIM_NetworkAdapter,1,CIM_ComputerSystem,sc9-bm.026-pdu-pri-f06.vmware.com, ,0,,00:19:85:00:80:25,eth0,0,0,,0,0,10000000,255.255.248.0,,,,,"",001985008025,Up,Up,,,,,,
2203318229466,1394,-1,CIM_NetworkAdapter,1,CIM_ComputerSystem,sc9-l07-oa1b.vmware.com, ,169.254.0.2,,00:18:FE:8C:A8:0C,eth0,0,0,,912010963,1555374769,100000000,255.255.255.0,,,,,,,Up,Up,,,,,,
2203318229494,3704,-1,CIM_NetworkAdapter,1,CIM_ComputerSystem,sc9-bm.026-pdu-red-k08.vmware.com, ,0,,00:19:85:00:8F:18,eth0,0,0,,0,0,10000000,255.255.248.0,,,,,"",001985008F18,Up,Up,,,,,,
2203318229467,1394,-1,CIM_NetworkAdapter,2,CIM_ComputerSystem,sc9-l07-oa1b.vmware.com, ,10.113.58.91,,00:18:FE:8C:A8:0D,eth1,0,0,,3557573839,753046238,100000000,255.255.254.0,,,,,,,Up,Up,,,,,,
2203318229480,3260,-1,CIM_NetworkAdapter,1,CIM_ComputerSystem,sc9-bm.026-pdu-pri-j11.vmware.com, ,0,,00:19:85:00:98:F2,eth0,0,0,,0,0,10000000,255.255.248.0,,,,,"",0019850098F2,Up,Up,,,,,,
2203318229506,3700,-1,CIM_NetworkAdapter,1,CIM_ComputerSystem,sc9-bm.026-pdu-red-k05.vmware.com, ,0,,00:19:85:00:80:18,eth0,0,0,,0,0,10000000,255.255.248.0,,,,,"",001985008018,Up,Up,,,,,,
2203318229509,3703,-1,CIM_NetworkAdapter,1,CIM_ComputerSystem,sc9-bm.026-pdu-pri-k06.vmware.com, ,0,,00:19:85:00:98:FE,eth0,0,0,,0,0,10000000,255.255.248.0,,,,,"",0019850098FE,Up,Up,,,,,,
2203318229468,1394,-1,CIM_NetworkAdapter,3,CIM_ComputerSystem,sc9-l07-oa1b.vmware.com, ,,,00:19:BB:2C:B9:71,eth2,0,0,,0,0,10000000,,,,,,,,Up,Down,,,,,,
2203318229481,3262,-1,CIM_NetworkAdapter,1,CIM_ComputerSystem,sc9-bm.026-pdu-pri-h06.vmware.com, ,0,,00:19:85:E3:23:9C,eth0,0,0,,0,0,10000000,255.255.248.0,,,,,"",001985E3239C,Up,Up,,,,,,
2203318229469,1394,-1,CIM_NetworkAdapter,4,CIM_ComputerSystem,sc9-l07-oa1b.vmware.com, ,,,00:19:BB:2C:E9:E8,eth3,0,0,,0,0,10000000,,,,,,,,Up,Down,,,,,,
2203318229505,3699,-1,CIM_NetworkAdapter,1,CIM_ComputerSystem,sc9-bm.026-pdu-red-k04.vmware.com, ,0,,00:19:85:00:80:0F,eth0,0,0,,0,0,10000000,255.255.248.0,,,,,"",00198500800F,Up,Up,,,,,,
2203318229471,1394,-1,CIM_NetworkAdapter,6,CIM_ComputerSystem,sc9-l07-oa1b.vmware.com, ,,,"",teql0,0,0,,0,0,0,,,,,,,,Down,Down,,,,,,
2203318229485,1322,-1,CIM_NetworkAdapter,4,CIM_ComputerSystem,communities-prod-app-3-ilo.vmware.com, ,,,"",sit0,0,0,,0,0,0,,,,,,"","",Down,Down,,,,,,
2203318229487,1321,-1,CIM_NetworkAdapter,2,CIM_ComputerSystem,communities-prod-app-2-ilo.vmware.com, ,10.113.62.82,,00:1E:0B:5F:EA:38,eth0,0,0,,2389535975,2063641848,1000000000,255.255.254.0,,,,,"",001E0B5FEA38,Up,Up,,,,,,
2203318229503,3697,-1,CIM_NetworkAdapter,1,CIM_ComputerSystem,sc9-bm.026-pdu-red-h05.vmware.com, ,0,,00:19:85:E3:22:E4,eth0,0,0,,0,0,10000000,255.255.248.0,,,,,"",001985E322E4,Up,Up,,,,,,
2203318229483,1322,-1,CIM_NetworkAdapter,2,CIM_ComputerSystem,communities-prod-app-3-ilo.vmware.com, ,10.113.62.83,,00:1E:0B:5F:FE:3A,eth0,0,0,,3779819533,1412372687,1000000000,255.255.254.0,,,,,"",001E0B5FFE3A,Up,Up,,,,,,
2203318229473,1394,-1,CIM_NetworkAdapter,8,CIM_ComputerSystem,sc9-l07-oa1b.vmware.com, ,,,"",ip6tnl0,0,0,,0,0,0,,,,,,,,Down,Down,,,,,,
2203318229489,1321,-1,CIM_NetworkAdapter,4,CIM_ComputerSystem,communities-prod-app-2-ilo.vmware.com, ,,,"",sit0,0,0,,0,0,0,,,,,,"","",Down,Down,,,,,,
2203318229486,1321,-1,CIM_NetworkAdapter,1,CIM_ComputerSystem,communities-prod-app-2-ilo.vmware.com, ,127.0.0.1,,"",lo,0,0,,565243925,565243925,10000000,255.0.0.0,,,,,"","",Up,Up,,,,,,
2203318229474,1394,-1,CIM_NetworkAdapter,9,CIM_ComputerSystem,sc9-l07-oa1b.vmware.com, ,169.254.255.2,,"",ppp0,0,0,,139126189,7036674,0,255.255.255.255,,,,,,,Up,Up,,,,,,
2203318229500,3710,-1,CIM_NetworkAdapter,1,CIM_ComputerSystem,sc9-bm.026-pdu-pri-l06.vmware.com, ,0,,00:19:85:E3:19:5E,eth0,0,0,,0,0,10000000,255.255.248.0,,,,,"",001985E3195E,Up,Up,,,,,,
2203318229501,3711,-1,CIM_NetworkAdapter,1,CIM_ComputerSystem,sc9-bm.026-pdu-red-l06.vmware.com, ,0,,00:19:85:E3:1A:49,eth0,0,0,,0,0,10000000,255.255.248.0,,,,,"",001985E31A49,Up,Up,,,,,,
2203318229423,1,-1,CIM_NetworkAdapter,2,CIM_ComputerSystem,oacentral.vmware.com, ,10.130.45.0,,00:50:56:98:01:85,eth0,0,0,,3307672131,851693773,1000000000,255.255.252.0,,,,,"",005056980185,Up,Up,,,,,,
2203318229488,1321,-1,CIM_NetworkAdapter,3,CIM_ComputerSystem,communities-prod-app-2-ilo.vmware.com, ,,,00:1E:0B:5F:EA:74,eth1,0,0,,0,0,10000000,,,,,,"",001E0B5FEA74,Down,Down,,,,,,
2203318229495,3705,-1,CIM_NetworkAdapter,1,CIM_ComputerSystem,sc9-bm.026-pdu-pri-k08.vmware.com, ,0,,00:19:85:00:8F:23,eth0,0,0,,0,0,10000000,255.255.248.0,,,,,"",001985008F23,Up,Up,,,,,,
2203318226234,1285,-1,CIM_NetworkAdapter,1,CIM_ComputerSystem,sc9-l06-oa1b.vmware.com, ,169.254.0.1,,00:1C:C4:14:C9:F2,eth0,0,0,,2223266268,2679500681,100000000,255.255.255.0,,,,,"",001CC414C9F2,Up,Up,,,,,,
2203318226237,1285,-1,CIM_NetworkAdapter,4,CIM_ComputerSystem,sc9-l06-oa1b.vmware.com, ,,,00:1B:78:E4:9B:E5,eth3,0,0,,0,0,10000000,,,,,,"",001B78E49BE5,Up,Down,,,,,,
2203318229424,1,-1,CIM_NetworkAdapter,3,CIM_ComputerSystem,oacentral.vmware.com, ,,,"",sit0,0,0,,0,0,0,,,,,,"","",Down,Down,,,,,,
2203318229491,1320,-1,CIM_NetworkAdapter,2,CIM_ComputerSystem,communities-prod-app-1-ilo.vmware.com, ,10.113.62.81,,00:1E:0B:5F:6F:88,eth0,0,0,,2917314645,4167208578,1000000000,255.255.254.0,,,,,"",001E0B5F6F88,Up,Up,,,,,,
2203318229502,3696,-1,CIM_NetworkAdapter,1,CIM_ComputerSystem,sc9-bm.026-pdu-red-i12.vmware.com, ,0,,00:19:85:00:8F:11,eth0,0,0,,0,0,10000000,255.255.248.0,,,,,"",001985008F11,Up,Up,,,,,,
2203318226251,1287,-1,CIM_NetworkAdapter,4,CIM_ComputerSystem,sc9-l06-oa1a.vmware.com, ,,,00:1B:78:E4:9B:E5,eth3,0,0,,0,0,10000000,,,,,,"",001B78E49BE5,Up,Down,,,,,,
2203318226248,1287,-1,CIM_NetworkAdapter,1,CIM_ComputerSystem,sc9-l06-oa1a.vmware.com, ,169.254.0.1,,00:1C:C4:14:C9:F2,eth0,0,0,,2223299161,2679591850,100000000,255.255.255.0,,,,,"",001CC414C9F2,Up,Up,,,,,,
2203318229492,1320,-1,CIM_NetworkAdapter,3,CIM_ComputerSystem,communities-prod-app-1-ilo.vmware.com, ,,,00:1E:0B:5F:6F:8E,eth1,0,0,,0,0,10000000,,,,,,"",001E0B5F6F8E,Down,Down,,,,,,
2203318229809,3925,-1,CIM_NetworkAdapter,1,CIM_ComputerSystem,sc9-bm.026-pdu-pri-k05.vmware.com, ,0,,00:19:85:00:80:0D,eth0,0,0,,0,0,10000000,255.255.248.0,,,,,"",00198500800D,Up,Up,,,,,,
2203318229523,933,-1,CIM_NetworkAdapter,10101,CIM_ComputerSystem,osdc-mcd05-3750-sw1.vmware.com, ,,,00:1D:E6:0D:4C:01,GigabitEthernet0/1,0,0,,586321977,3143447518,1000000000,,,,,,"",001DE60D4C01,Up,Up,,,,,,
2203318229553,3687,-1,CIM_NetworkAdapter,1,CIM_ComputerSystem,sc9-bm.026-pdu-pri-h03.vmware.com, ,0,,00:19:85:00:98:F0,eth0,0,0,,0,0,10000000,255.255.248.0,,,,,"",0019850098F0,Up,Up,,,,,,
2203318229493,1320,-1,CIM_NetworkAdapter,4,CIM_ComputerSystem,communities-prod-app-1-ilo.vmware.com, ,,,"",sit0,0,0,,0,0,0,,,,,,"","",Down,Down,,,,,,
2203318229810,3926,-1,CIM_NetworkAdapter,1,CIM_ComputerSystem,sc9-bm.026-pdu-pri-k07.vmware.com, ,0,,00:19:85:00:8F:1F,eth0,0,0,,0,0,10000000,255.255.248.0,,,,,"",001985008F1F,Up,Up,,,,,,
2203318226239,1285,-1,CIM_NetworkAdapter,6,CIM_ComputerSystem,sc9-l06-oa1b.vmware.com, ,,,"",teql0,0,0,,0,0,0,,,,,,"","",Down,Down,,,,,,
2203318226240,1285,-1,CIM_NetworkAdapter,7,CIM_ComputerSystem,sc9-l06-oa1b.vmware.com, ,,,"",sit0,0,0,,0,0,0,,,,,,"","",Down,Down,,,,,,
2203318229504,3698,-1,CIM_NetworkAdapter,1,CIM_ComputerSystem,sc9-bm.026-pdu-pri-k01.vmware.com, ,0,,00:19:85:00:80:0E,eth0,0,0,,0,0,10000000,255.255.248.0,,,,,"",00198500800E,Up,Up,,,,,,
2203318229496,3706,-1,CIM_NetworkAdapter,1,CIM_ComputerSystem,sc9-bm.026-pdu-pri-k09.vmware.com, ,0,,00:19:85:00:80:38,eth0,0,0,,0,0,10000000,255.255.248.0,,,,,"",001985008038,Up,Up,,,,,,
2203318226236,1285,-1,CIM_NetworkAdapter,3,CIM_ComputerSystem,sc9-l06-oa1b.vmware.com, ,,,00:1B:78:E4:CB:C8,eth2,0,0,,0,0,10000000,,,,,,"",001B78E4CBC8,Up,Down,,,,,,
2203318226244,1285,-1,CIM_NetworkAdapter,11,CIM_ComputerSystem,sc9-l06-oa1b.vmware.com, ,,,00:1C:C4:14:C9:F3,udogbr,0,0,,1726998,295356133,10000000,,,,,,"",001CC414C9F3,Up,Up,,,,,,
2203318226243,1285,-1,CIM_NetworkAdapter,10,CIM_ComputerSystem,sc9-l06-oa1b.vmware.com, ,169.254.255.1,,"",ppp0,0,0,,863057931,1366866737,0,255.255.255.255,,,,,"","",Up,Up,,,,,,
2203318229497,3707,-1,CIM_NetworkAdapter,1,CIM_ComputerSystem,sc9-bm.026-pdu-red-h13.vmware.com, ,0,,00:19:85:E3:19:55,eth0,0,0,,0,0,10000000,255.255.248.0,,,,,"",001985E31955,Up,Up,,,,,,
2203318229498,3708,-1,CIM_NetworkAdapter,1,CIM_ComputerSystem,sc9-bm.026-pdu-red-h06.vmware.com, ,0,,00:19:85:E3:22:DD,eth0,0,0,,0,0,10000000,255.255.248.0,,,,,"",001985E322DD,Up,Up,,,,,,
2203318226238,1285,-1,CIM_NetworkAdapter,5,CIM_ComputerSystem,sc9-l06-oa1b.vmware.com, ,127.0.0.1,,"",lo,0,0,,434542491,434542491,10000000,255.0.0.0,,,,,"","",Up,Up,,,,,,
2203318226255,1287,-1,CIM_NetworkAdapter,8,CIM_ComputerSystem,sc9-l06-oa1a.vmware.com, ,,,"",ip6tnl0,0,0,,0,0,0,,,,,,"","",Down,Down,,,,,,
2203318229499,3709,-1,CIM_NetworkAdapter,1,CIM_ComputerSystem,sc9-bm.026-pdu-pri-h13.vmware.com, ,0,,00:19:85:E3:1A:28,eth0,0,0,,0,0,10000000,255.255.248.0,,,,,"",001985E31A28,Up,Up,,,,,,
2203318229511,2870,-1,CIM_NetworkAdapter,1,CIM_ComputerSystem,sc9-bm.026-pdu-red-f07.vmware.com, ,0,,00:19:85:00:80:26,eth0,0,0,,0,0,10000000,255.255.248.0,,,,,"",001985008026,Up,Up,,,,,,
2203318229507,3701,-1,CIM_NetworkAdapter,1,CIM_ComputerSystem,sc9-bm.026-pdu-red-k07.vmware.com, ,0,,00:19:85:00:8F:21,eth0,0,0,,0,0,10000000,255.255.248.0,,,,,"",001985008F21,Up,Up,,,,,,
2203318229513,3691,-1,CIM_NetworkAdapter,1,CIM_ComputerSystem,sc9-bm.026-pdu-pri-i02.vmware.com, ,0,,00:19:85:00:80:11,eth0,0,0,,0,0,10000000,255.255.248.0,,,,,"",001985008011,Up,Up,,,,,,
2203318229532,933,-1,CIM_NetworkAdapter,10109,CIM_ComputerSystem,osdc-mcd05-3750-sw1.vmware.com, ,,,00:1D:E6:0D:4C:09,GigabitEthernet0/9,0,0,,560920129,4073338782,1000000000,,,,,,"",001DE60D4C09,Up,Up,,,,,,
2203318226258,1287,-1,CIM_NetworkAdapter,11,CIM_ComputerSystem,sc9-l06-oa1a.vmware.com, ,,,00:1C:C4:14:C9:F3,udogbr,0,0,,1726998,295385370,10000000,,,,,,"",001CC414C9F3,Up,Up,,,,,,
2203318226249,1287,-1,CIM_NetworkAdapter,2,CIM_ComputerSystem,sc9-l06-oa1a.vmware.com, ,10.113.58.29,,00:1C:C4:14:C9:F3,eth1,0,0,,1533961419,3616045430,100000000,255.255.254.0,,,,,"",001CC414C9F3,Up,Up,,,,,,
2203318226257,1287,-1,CIM_NetworkAdapter,10,CIM_ComputerSystem,sc9-l06-oa1a.vmware.com, ,169.254.255.1,,"",ppp0,0,0,,863058300,1366867106,0,255.255.255.255,,,,,"","",Up,Up,,,,,,
2203318225063,1584,-1,CIM_NetworkAdapter,10113,CIM_ComputerSystem,10.113.66.233, ,,,00:1D:E6:0C:61:8D,GigabitEthernet0/13,0,0,,0,0,10000000,,,,,,"",001DE60C618D,Up,Down,,,,,,
2203318226252,1287,-1,CIM_NetworkAdapter,5,CIM_ComputerSystem,sc9-l06-oa1a.vmware.com, ,127.0.0.1,,"",lo,0,0,,434542491,434542491,10000000,255.0.0.0,,,,,"","",Up,Up,,,,,,
2203318226246,1288,-1,CIM_NetworkAdapter,65539,CIM_ComputerSystem,cpp-db01-ilo.vmware.com, ,"10.113.60.31,10.113.60.70,10.113.60.71",,00:1C:C4:15:1F:E2,HP Network Team #1,0,0,,1142599411,529737537,1000000000,255.255.254.0,,,,,"",001CC4151FE2,Up,Up,,,,,,
2203318229508,3702,-1,CIM_NetworkAdapter,1,CIM_ComputerSystem,sc9-bm.026-pdu-red-k06.vmware.com, ,0,,00:19:85:00:98:FB,eth0,0,0,,0,0,10000000,255.255.248.0,,,,,"",0019850098FB,Up,Up,,,,,,
2203318229517,3695,-1,CIM_NetworkAdapter,1,CIM_ComputerSystem,sc9-bm.026-pdu-red-i11.vmware.com, ,0,,00:19:85:00:80:1B,eth0,0,0,,0,0,10000000,255.255.248.0,,,,,"",00198500801B,Up,Up,,,,,,
2203318225065,1584,-1,CIM_NetworkAdapter,10115,CIM_ComputerSystem,10.113.66.233, ,,,00:1D:E6:0C:61:8F,GigabitEthernet0/15,0,0,,0,0,10000000,,,,,,"",001DE60C618F,Up,Down,,,,,,
2203318225070,1584,-1,CIM_NetworkAdapter,10120,CIM_ComputerSystem,10.113.66.233, ,,,00:1D:E6:0C:61:94,GigabitEthernet0/20,0,0,,0,0,10000000,,,,,,"",001DE60C6194,Up,Down,,,,,,
2203318226250,1287,-1,CIM_NetworkAdapter,3,CIM_ComputerSystem,sc9-l06-oa1a.vmware.com, ,,,00:1B:78:E4:CB:C8,eth2,0,0,,0,0,10000000,,,,,,"",001B78E4CBC8,Up,Down,,,,,,
2203318229510,3689,-1,CIM_NetworkAdapter,1,CIM_ComputerSystem,sc9-bm.026-pdu-red-h03.vmware.com, ,0,,00:19:85:00:98:F9,eth0,0,0,,0,0,10000000,255.255.248.0,,,,,"",0019850098F9,Up,Up,,,,,,
2203318229537,933,-1,CIM_NetworkAdapter,10114,CIM_ComputerSystem,osdc-mcd05-3750-sw1.vmware.com, ,,,00:1D:E6:0D:4C:0E,GigabitEthernet0/14,0,0,,475951771,197911637,1000000000,,,,,,"",001DE60D4C0E,Up,Up,,,,,,
2203318229542,933,-1,CIM_NetworkAdapter,10118,CIM_ComputerSystem,osdc-mcd05-3750-sw1.vmware.com, ,,,00:1D:E6:0D:4C:12,GigabitEthernet0/18,0,0,,0,0,10000000,,,,,,"",001DE60D4C12,Up,Down,,,,,,
2203318229543,933,-1,CIM_NetworkAdapter,10119,CIM_ComputerSystem,osdc-mcd05-3750-sw1.vmware.com, ,,,00:1D:E6:0D:4C:13,GigabitEthernet0/19,0,0,,2016144813,562559784,1000000000,,,,,,"",001DE60D4C13,Up,Up,,,,,,
2203318226254,1287,-1,CIM_NetworkAdapter,7,CIM_ComputerSystem,sc9-l06-oa1a.vmware.com, ,,,"",sit0,0,0,,0,0,0,,,,,,"","",Down,Down,,,,,,
2203318226247,1288,-1,CIM_NetworkAdapter,65540,CIM_ComputerSystem,cpp-db01-ilo.vmware.com, ,192.168.100.1,,00:1E:0B:92:23:32,HP NC373m Multifunction Gigabit Server Adapter,0,0,,3538002624,2105756388,1000000000,255.255.255.0,,,,,"",001E0B922332,Up,Up,,,,,,
2203318229514,3690,-1,CIM_NetworkAdapter,1,CIM_ComputerSystem,sc9-bm.026-pdu-red-i01.vmware.com, ,0,,00:19:85:00:80:28,eth0,0,0,,0,0,10000000,255.255.248.0,,,,,"",001985008028,Up,Up,,,,,,
2203318225061,1584,-1,CIM_NetworkAdapter,10111,CIM_ComputerSystem,10.113.66.233, ,,,00:1D:E6:0C:61:8B,GigabitEthernet0/11,0,0,,133288520,102212196,1000000000,,,,,,"",001DE60C618B,Up,Up,,,,,,
2203318225056,1584,-1,CIM_NetworkAdapter,10106,CIM_ComputerSystem,10.113.66.233, ,,,00:1D:E6:0C:61:86,GigabitEthernet0/6,0,0,,0,0,10000000,,,,,,"",001DE60C6186,Up,Down,,,,,,
2203318229531,933,-1,CIM_NetworkAdapter,10108,CIM_ComputerSystem,osdc-mcd05-3750-sw1.vmware.com, ,,,00:1D:E6:0D:4C:08,GigabitEthernet0/8,0,0,,3336928252,1449572786,1000000000,,,,,,"",001DE60D4C08,Up,Up,,,,,,
2203318229536,933,-1,CIM_NetworkAdapter,10113,CIM_ComputerSystem,osdc-mcd05-3750-sw1.vmware.com, ,,,00:1D:E6:0D:4C:0D,GigabitEthernet0/13,0,0,,2674536859,3887783947,1000000000,,,,,,"",001DE60D4C0D,Up,Up,,,,,,
2203318229546,933,-1,CIM_NetworkAdapter,10122,CIM_ComputerSystem,osdc-mcd05-3750-sw1.vmware.com, ,,,00:1D:E6:0D:4C:16,GigabitEthernet0/22,0,0,,0,0,10000000,,,,,,"",001DE60D4C16,Down,Down,,,,,,
2203318226256,1287,-1,CIM_NetworkAdapter,9,CIM_ComputerSystem,sc9-l06-oa1a.vmware.com, ,169.254.1.15,,00:1B:78:E4:9B:E5,elinkbr,0,0,,203858718,0,10000000,255.255.0.0,,,,,"",001B78E49BE5,Up,Up,,,,,,
2203318229515,3693,-1,CIM_NetworkAdapter,1,CIM_ComputerSystem,sc9-bm.026-pdu-pri-i11.vmware.com, ,0,,00:19:85:00:80:1A,eth0,0,0,,0,0,10000000,255.255.248.0,,,,,"",00198500801A,Up,Up,,,,,,
2203318225046,1584,-1,CIM_NetworkAdapter,1,CIM_ComputerSystem,10.113.66.233, ,,,00:1D:E6:0C:61:C0,Vlan1,0,0,,0,831421,1000000000,,,,,,"",001DE60C61C0,Down,Down,,,,,,
2203318225067,1584,-1,CIM_NetworkAdapter,10117,CIM_ComputerSystem,10.113.66.233, ,,,00:1D:E6:0C:61:91,GigabitEthernet0/17,0,0,,111891219,414077798,1000000000,,,,,,"",001DE60C6191,Up,Down,,,,,,
2203318229518,3694,-1,CIM_NetworkAdapter,1,CIM_ComputerSystem,sc9-bm.026-pdu-red-i03.vmware.com, ,0,,00:19:85:00:80:23,eth0,0,0,,0,0,10000000,255.255.248.0,,,,,"",001985008023,Up,Up,,,,,,
2203318226253,1287,-1,CIM_NetworkAdapter,6,CIM_ComputerSystem,sc9-l06-oa1a.vmware.com, ,,,"",teql0,0,0,,0,0,0,,,,,,"","",Down,Down,,,,,,
2203318226245,1288,-1,CIM_NetworkAdapter,1,CIM_ComputerSystem,cpp-db01-ilo.vmware.com, ,127.0.0.1,,"",MS TCP Loopback interface,0,0,,2564006605,2564006605,1000000000,255.0.0.0,,,,,"","",Up,Up,,,,,,
2203318229516,3692,-1,CIM_NetworkAdapter,1,CIM_ComputerSystem,sc9-bm.026-pdu-red-i02.vmware.com, ,0,,00:19:85:00:80:14,eth0,0,0,,0,0,10000000,255.255.248.0,,,,,"",001985008014,Up,Up,,,,,,
2203318229541,2874,-1,CIM_NetworkAdapter,1,CIM_ComputerSystem,sc9-bm.026-pdu-red-f13.vmware.com, ,0,,00:19:85:00:72:B5,eth0,0,0,,0,0,10000000,255.255.248.0,,,,,"",0019850072B5,Up,Up,,,,,,
2203318229538,933,-1,CIM_NetworkAdapter,10115,CIM_ComputerSystem,osdc-mcd05-3750-sw1.vmware.com, ,,,00:1D:E6:0D:4C:0F,GigabitEthernet0/15,0,0,,1687960350,2405265877,1000000000,,,,,,"",001DE60D4C0F,Up,Up,,,,,,
2203318229520,933,-1,CIM_NetworkAdapter,24,CIM_ComputerSystem,osdc-mcd05-3750-sw1.vmware.com, ,10.16.25.21,,00:1D:E6:0D:4C:41,Vlan24,0,0,,528859678,48238873,1000000000,255.255.254.0,,,,,"",001DE60D4C41,Up,Up,,,,,,
2203318229565,924,-1,CIM_NetworkAdapter,7,CIM_ComputerSystem,osdc-mc1-d1-oa1a.vmware.com, ,,,"",tunl0,0,0,,0,0,0,,,,,,"","",Down,Down,,,,,,
2203318229574,922,-1,CIM_NetworkAdapter,2,CIM_ComputerSystem,osdc-mc1-d1-oa1b.vmware.com, ,10.16.25.16,,00:1C:C4:14:F8:E5,eth1,0,0,,244761578,2842602264,10000000,255.255.254.0,,,,,"",001CC414F8E5,Up,Up,,,,,,
2203318225050,1584,-1,CIM_NetworkAdapter,5001,CIM_ComputerSystem,10.113.66.233, ,,,00:1D:E6:0C:61:98,Port-channel1,0,0,,1476374473,4051477460,2000000000,,,,,,"",001DE60C6198,Up,Up,,,,,,
2203318225057,1584,-1,CIM_NetworkAdapter,10107,CIM_ComputerSystem,10.113.66.233, ,,,00:1D:E6:0C:61:87,GigabitEthernet0/7,0,0,,0,0,10000000,,,,,,"",001DE60C6187,Up,Down,,,,,,
2203318225066,1584,-1,CIM_NetworkAdapter,10116,CIM_ComputerSystem,10.113.66.233, ,,,00:1D:E6:0C:61:90,GigabitEthernet0/16,0,0,,0,0,10000000,,,,,,"",001DE60C6190,Up,Down,,,,,,
2203318225071,1584,-1,CIM_NetworkAdapter,10121,CIM_ComputerSystem,10.113.66.233, ,,,00:1D:E6:0C:61:95,GigabitEthernet0/21,0,0,,0,0,10000000,,,,,,"",001DE60C6195,Up,Down,,,,,,
2203318225055,1584,-1,CIM_NetworkAdapter,10105,CIM_ComputerSystem,10.113.66.233, ,,,00:1D:E6:0C:61:85,GigabitEthernet0/5,0,0,,0,0,10000000,,,,,,"",001DE60C6185,Up,Down,,,,,,
2203318225058,1584,-1,CIM_NetworkAdapter,10108,CIM_ComputerSystem,10.113.66.233, ,,,00:1D:E6:0C:61:88,GigabitEthernet0/8,0,0,,0,0,10000000,,,,,,"",001DE60C6188,Up,Down,,,,,,
2203318229524,3685,-1,CIM_NetworkAdapter,1,CIM_ComputerSystem,sc9-bm.026-pdu-red-h01.vmware.com, ,0,,00:19:85:E0:AD:3A,eth0,0,0,,0,0,10000000,255.255.248.0,,,,,"",001985E0AD3A,Up,Up,,,,,,
2203318225072,1584,-1,CIM_NetworkAdapter,10122,CIM_ComputerSystem,10.113.66.233, ,,,00:1D:E6:0C:61:96,GigabitEthernet0/22,0,0,,0,0,10000000,,,,,,"",001DE60C6196,Up,Down,,,,,,
2203318225068,1584,-1,CIM_NetworkAdapter,10118,CIM_ComputerSystem,10.113.66.233, ,,,00:1D:E6:0C:61:92,GigabitEthernet0/18,0,0,,0,0,10000000,,,,,,"",001DE60C6192,Up,Down,,,,,,
2203318225075,1584,-1,CIM_NetworkAdapter,10501,CIM_ComputerSystem,10.113.66.233, ,,,"",Null0,0,0,,0,0,4294967295,,,,,,"","",Up,Up,,,,,,
2203318225062,1584,-1,CIM_NetworkAdapter,10112,CIM_ComputerSystem,10.113.66.233, ,,,00:1D:E6:0C:61:8C,GigabitEthernet0/12,0,0,,0,0,10000000,,,,,,"",001DE60C618C,Up,Down,,,,,,
2203318225053,1584,-1,CIM_NetworkAdapter,10103,CIM_ComputerSystem,10.113.66.233, ,,,00:1D:E6:0C:61:83,GigabitEthernet0/3,0,0,,1265265399,98632452,1000000000,,,,,,"",001DE60C6183,Up,Up,,,,,,
2203318229527,933,-1,CIM_NetworkAdapter,10104,CIM_ComputerSystem,osdc-mcd05-3750-sw1.vmware.com, ,,,00:1D:E6:0D:4C:04,GigabitEthernet0/4,0,0,,7894940,3666127319,1000000000,,,,,,"",001DE60D4C04,Up,Up,,,,,,
2203318229544,933,-1,CIM_NetworkAdapter,10120,CIM_ComputerSystem,osdc-mcd05-3750-sw1.vmware.com, ,,,00:1D:E6:0D:4C:14,GigabitEthernet0/20,0,0,,3675224829,1237433472,1000000000,,,,,,"",001DE60D4C14,Up,Up,,,,,,
2203318225076,1584,-1,CIM_NetworkAdapter,10502,CIM_ComputerSystem,10.113.66.233, ,10.113.66.233,,00:1D:E6:0C:61:B7,FastEthernet0,0,0,,380390122,4008835880,100000000,255.255.255.0,,,,,"",001DE60C61B7,Up,Up,,,,,,
2203318229521,933,-1,CIM_NetworkAdapter,5001,CIM_ComputerSystem,osdc-mcd05-3750-sw1.vmware.com, ,,,00:1D:E6:0D:4C:13,Port-channel1,0,0,,1395209557,1798633018,2000000000,,,,,,"",001DE60D4C13,Up,Up,,,,,,
2203318229529,933,-1,CIM_NetworkAdapter,10106,CIM_ComputerSystem,osdc-mcd05-3750-sw1.vmware.com, ,,,00:1D:E6:0D:4C:06,GigabitEthernet0/6,0,0,,2226731277,2648548124,1000000000,,,,,,"",001DE60D4C06,Up,Up,,,,,,
2203318229540,933,-1,CIM_NetworkAdapter,10117,CIM_ComputerSystem,osdc-mcd05-3750-sw1.vmware.com, ,,,00:1D:E6:0D:4C:11,GigabitEthernet0/17,0,0,,0,0,10000000,,,,,,"",001DE60D4C11,Up,Down,,,,,,
2203318226287,2865,-1,CIM_NetworkAdapter,1,CIM_ComputerSystem,10.113.195.22, ,0,,00:19:85:00:73:FC,eth0,0,0,,0,0,10000000,255.255.248.0,,,,,"",0019850073FC,Up,Up,,,,,,
2203318229533,933,-1,CIM_NetworkAdapter,10110,CIM_ComputerSystem,osdc-mcd05-3750-sw1.vmware.com, ,,,00:1D:E6:0D:4C:0A,GigabitEthernet0/10,0,0,,154966004,1025119504,1000000000,,,,,,"",001DE60D4C0A,Up,Up,,,,,,
2203318225052,1584,-1,CIM_NetworkAdapter,10102,CIM_ComputerSystem,10.113.66.233, ,,,00:1D:E6:0C:61:82,GigabitEthernet0/2,0,0,,1265283492,98636788,1000000000,,,,,,"",001DE60C6182,Up,Up,,,,,,
2203318225059,1584,-1,CIM_NetworkAdapter,10109,CIM_ComputerSystem,10.113.66.233, ,,,00:1D:E6:0C:61:89,GigabitEthernet0/9,0,0,,85514180,100170156,1000000000,,,,,,"",001DE60C6189,Up,Up,,,,,,
2203318225074,1584,-1,CIM_NetworkAdapter,10124,CIM_ComputerSystem,10.113.66.233, ,,,00:1D:E6:0C:61:98,GigabitEthernet0/24,0,0,,340984396,524360573,1000000000,,,,,,"",001DE60C6198,Up,Up,,,,,,
2203318229561,924,-1,CIM_NetworkAdapter,3,CIM_ComputerSystem,osdc-mc1-d1-oa1a.vmware.com, ,,,00:1B:78:E4:1A:8C,eth2,0,0,,0,0,10000000,,,,,,"",001B78E41A8C,Up,Down,,,,,,
2203318225051,1584,-1,CIM_NetworkAdapter,10101,CIM_ComputerSystem,10.113.66.233, ,,,00:1D:E6:0C:61:81,GigabitEthernet0/1,0,0,,1265281948,98634392,1000000000,,,,,,"",001DE60C6181,Up,Up,,,,,,
2203318225064,1584,-1,CIM_NetworkAdapter,10114,CIM_ComputerSystem,10.113.66.233, ,,,00:1D:E6:0C:61:8E,GigabitEthernet0/14,0,0,,0,0,10000000,,,,,,"",001DE60C618E,Up,Down,,,,,,
2203318225060,1584,-1,CIM_NetworkAdapter,10110,CIM_ComputerSystem,10.113.66.233, ,,,00:1D:E6:0C:61:8A,GigabitEthernet0/10,0,0,,87183635,100163247,1000000000,,,,,,"",001DE60C618A,Up,Up,,,,,,
2203318229534,933,-1,CIM_NetworkAdapter,10111,CIM_ComputerSystem,osdc-mcd05-3750-sw1.vmware.com, ,,,00:1D:E6:0D:4C:0B,GigabitEthernet0/11,0,0,,2797043215,2438413701,1000000000,,,,,,"",001DE60D4C0B,Up,Up,,,,,,
2203318229539,933,-1,CIM_NetworkAdapter,10116,CIM_ComputerSystem,osdc-mcd05-3750-sw1.vmware.com, ,,,00:1D:E6:0D:4C:10,GigabitEthernet0/16,0,0,,1648843287,1784434984,1000000000,,,,,,"",001DE60D4C10,Up,Up,,,,,,
2203318229548,933,-1,CIM_NetworkAdapter,10124,CIM_ComputerSystem,osdc-mcd05-3750-sw1.vmware.com, ,,,00:1D:E6:0D:4C:18,GigabitEthernet0/24,0,0,,0,0,10000000,,,,,,"",001DE60D4C18,Up,Down,,,,,,
2203318229526,933,-1,CIM_NetworkAdapter,10103,CIM_ComputerSystem,osdc-mcd05-3750-sw1.vmware.com, ,,,00:1D:E6:0D:4C:03,GigabitEthernet0/3,0,0,,3380226817,545634519,1000000000,,,,,,"",001DE60D4C03,Up,Up,,,,,,
2203318225069,1584,-1,CIM_NetworkAdapter,10119,CIM_ComputerSystem,10.113.66.233, ,,,00:1D:E6:0C:61:93,GigabitEthernet0/19,1,0,,16878,14516,1000000000,,,,,,"",001DE60C6193,Up,Down,,,,,,
2203318229535,933,-1,CIM_NetworkAdapter,10112,CIM_ComputerSystem,osdc-mcd05-3750-sw1.vmware.com, ,,,00:1D:E6:0D:4C:0C,GigabitEthernet0/12,0,0,,3808476298,2548130395,1000000000,,,,,,"",001DE60D4C0C,Up,Up,,,,,,
2203318229568,924,-1,CIM_NetworkAdapter,10,CIM_ComputerSystem,osdc-mc1-d1-oa1a.vmware.com, ,,,00:1C:C4:14:F8:E5,udogbr,0,0,,0,119112847,10000000,,,,,,"",001CC414F8E5,Up,Up,,,,,,
2203318225054,1584,-1,CIM_NetworkAdapter,10104,CIM_ComputerSystem,10.113.66.233, ,,,00:1D:E6:0C:61:84,GigabitEthernet0/4,0,0,,0,0,10000000,,,,,,"",001DE60C6184,Up,Down,,,,,,
2203318225073,1584,-1,CIM_NetworkAdapter,10123,CIM_ComputerSystem,10.113.66.233, ,,,00:1D:E6:0C:61:97,GigabitEthernet0/23,0,0,,1135398823,3527124576,1000000000,,,,,,"",001DE60C6197,Up,Up,,,,,,
2203318229545,933,-1,CIM_NetworkAdapter,10121,CIM_ComputerSystem,osdc-mcd05-3750-sw1.vmware.com, ,,,00:1D:E6:0D:4C:15,GigabitEthernet0/21,0,0,,0,0,10000000,,,,,,"",001DE60D4C15,Down,Down,,,,,,
2203318229549,933,-1,CIM_NetworkAdapter,10501,CIM_ComputerSystem,osdc-mcd05-3750-sw1.vmware.com, ,,,"",Null0,0,0,,0,0,4294967295,,,,,,"","",Up,Up,,,,,,
2203318229552,2875,-1,CIM_NetworkAdapter,1,CIM_ComputerSystem,sc9-bm.026-pdu-red-f12.vmware.com, ,0,,00:19:85:00:72:BB,eth0,0,0,,0,0,10000000,255.255.248.0,,,,,"",0019850072BB,Up,Up,,,,,,
2203318225048,1584,-1,CIM_NetworkAdapter,3412,CIM_ComputerSystem,10.113.66.233, ,10.113.68.9,,00:1D:E6:0C:61:C1,Vlan3412,0,0,,15937949,1936369123,1000000000,255.255.255.0,,,,,"",001DE60C61C1,Up,Up,,,,,,
2203318229525,933,-1,CIM_NetworkAdapter,10102,CIM_ComputerSystem,osdc-mcd05-3750-sw1.vmware.com, ,,,00:1D:E6:0D:4C:02,GigabitEthernet0/2,0,0,,2903528340,1913710040,1000000000,,,,,,"",001DE60D4C02,Up,Up,,,,,,
2203318229550,933,-1,CIM_NetworkAdapter,10502,CIM_ComputerSystem,osdc-mcd05-3750-sw1.vmware.com, ,,,00:1D:E6:0D:4C:37,FastEthernet0,0,0,,0,0,100000000,,,,,,"",001DE60D4C37,Down,Down,,,,,,
2203318229554,3686,-1,CIM_NetworkAdapter,1,CIM_ComputerSystem,sc9-bm.026-pdu-pri-h02.vmware.com, ,0,,00:19:85:E0:AD:32,eth0,0,0,,0,0,10000000,255.255.248.0,,,,,"",001985E0AD32,Up,Up,,,,,,
2203318229578,922,-1,CIM_NetworkAdapter,6,CIM_ComputerSystem,osdc-mc1-d1-oa1b.vmware.com, ,,,"",teql0,0,0,,0,0,0,,,,,,"","",Down,Down,,,,,,
2203318229519,933,-1,CIM_NetworkAdapter,1,CIM_ComputerSystem,osdc-mcd05-3750-sw1.vmware.com, ,,,00:1D:E6:0D:4C:40,Vlan1,0,0,,0,38062934,1000000000,,,,,,"",001DE60D4C40,Down,Down,,,,,,
2203318229555,3674,-1,CIM_NetworkAdapter,1,CIM_ComputerSystem,sc9-bm.026-pdu-pri-n04.vmware.com, ,0,,00:19:85:00:80:1D,eth0,0,0,,0,0,10000000,255.255.248.0,,,,,"",00198500801D,Up,Up,,,,,,
2203318229579,922,-1,CIM_NetworkAdapter,7,CIM_ComputerSystem,osdc-mc1-d1-oa1b.vmware.com, ,,,"",tunl0,0,0,,0,0,0,,,,,,"","",Down,Down,,,,,,
2203318229528,933,-1,CIM_NetworkAdapter,10105,CIM_ComputerSystem,osdc-mcd05-3750-sw1.vmware.com, ,,,00:1D:E6:0D:4C:05,GigabitEthernet0/5,0,0,,1392229790,2210481070,1000000000,,,,,,"",001DE60D4C05,Up,Up,,,,,,
2203318229593,1161,-1,CIM_NetworkAdapter,3,CIM_ComputerSystem,avamar2tape-ilo.vmware.com, ,192.168.126.1,,00:50:56:C0:00:01,VMware Virtual Ethernet Adapter for VMnet1,0,0,,3679889,3679889,100000000,255.255.255.0,,,,,"",005056C00001,Up,Up,,,,,,
2203318229617,2883,-1,CIM_NetworkAdapter,1,CIM_ComputerSystem,sc9-bm.026-pdu-red-k03.vmware.com, ,0,,00:19:85:00:80:2A,eth0,0,0,,0,0,10000000,255.255.248.0,,,,,"",00198500802A,Up,Up,,,,,,
2203318229601,994,-1,CIM_NetworkAdapter,7,CIM_ComputerSystem,osdc-mc1-f5-oa1a.vmware.com, ,,,"",sit0,0,0,,0,0,0,,,,,,"","",Down,Down,,,,,,
2203318229530,933,-1,CIM_NetworkAdapter,10107,CIM_ComputerSystem,osdc-mcd05-3750-sw1.vmware.com, ,,,00:1D:E6:0D:4C:07,GigabitEthernet0/7,0,0,,1762769039,1401978423,1000000000,,,,,,"",001DE60D4C07,Up,Up,,,,,,
2203318229564,924,-1,CIM_NetworkAdapter,6,CIM_ComputerSystem,osdc-mc1-d1-oa1a.vmware.com, ,,,"",teql0,0,0,,0,0,0,,,,,,"","",Down,Down,,,,,,
2203318229559,924,-1,CIM_NetworkAdapter,2,CIM_ComputerSystem,osdc-mc1-d1-oa1a.vmware.com, ,10.16.25.16,,00:1C:C4:14:F8:E5,eth1,0,0,,244709510,2842447187,10000000,255.255.254.0,,,,,"",001CC414F8E5,Up,Up,,,,,,
2203318229575,922,-1,CIM_NetworkAdapter,3,CIM_ComputerSystem,osdc-mc1-d1-oa1b.vmware.com, ,,,00:1B:78:E4:1A:8C,eth2,0,0,,0,0,10000000,,,,,,"",001B78E41A8C,Up,Down,,,,,,
2203318229522,933,-1,CIM_NetworkAdapter,5007,CIM_ComputerSystem,osdc-mcd05-3750-sw1.vmware.com, ,,,00:00:00:00:00:00,Port-channel7,0,0,,0,0,10000000,,,,,,"",000000000000,Down,Down,,,,,,
2203318229566,924,-1,CIM_NetworkAdapter,8,CIM_ComputerSystem,osdc-mc1-d1-oa1a.vmware.com, ,169.254.1.157,,00:1B:78:E4:1A:8C,elinkbr,0,0,,2536170,0,10000000,255.255.0.0,,,,,"",001B78E41A8C,Up,Up,,,,,,
2203318229581,922,-1,CIM_NetworkAdapter,9,CIM_ComputerSystem,osdc-mc1-d1-oa1b.vmware.com, ,169.254.255.1,,"",ppp0,0,0,,93584377,155858821,0,255.255.255.255,,,,,"","",Up,Up,,,,,,
2203318229551,3684,-1,CIM_NetworkAdapter,1,CIM_ComputerSystem,sc9-bm.026-pdu-pri-f07.vmware.com, ,0,,00:19:85:00:80:29,eth0,0,0,,0,0,10000000,255.255.248.0,,,,,"",001985008029,Up,Up,,,,,,
2203318229557,3673,-1,CIM_NetworkAdapter,1,CIM_ComputerSystem,sc9-bm.026-pdu-red-n01.vmware.com, ,0,,00:19:85:E3:2A:00,eth0,0,0,,0,0,10000000,255.255.248.0,,,,,"",001985E32A00,Up,Up,,,,,,
2203318224201,1403,-1,CIM_NetworkAdapter,9,CIM_ComputerSystem,sc9-l07-oa1a.vmware.com, ,,,00:1C:C4:14:C9:CF,udogbr,0,0,,599004,229786993,10000000,,,,,,"",001CC414C9CF,Up,Up,,,,,,
2203318229556,3675,-1,CIM_NetworkAdapter,1,CIM_ComputerSystem,sc9-bm.026-pdu-red-n03.vmware.com, ,0,,00:19:85:00:8F:1B,eth0,0,0,,0,0,10000000,255.255.248.0,,,,,"",001985008F1B,Up,Up,,,,,,
2203318224195,1403,-1,CIM_NetworkAdapter,3,CIM_ComputerSystem,sc9-l07-oa1a.vmware.com, ,,,00:1B:78:E4:6C:86,eth2,0,0,,0,0,10000000,,,,,,"",001B78E46C86,Up,Down,,,,,,
2203318229560,3678,-1,CIM_NetworkAdapter,1,CIM_ComputerSystem,sc9-bm.026-pdu-red-n04.vmware.com, ,0,,00:19:85:00:80:19,eth0,0,0,,0,0,10000000,255.255.248.0,,,,,"",001985008019,Up,Up,,,,,,
2203318229558,924,-1,CIM_NetworkAdapter,1,CIM_ComputerSystem,osdc-mc1-d1-oa1a.vmware.com, ,169.254.0.1,,00:1C:C4:14:F8:E4,eth0,0,0,,2541985100,154597950,10000000,255.255.255.0,,,,,"",001CC414F8E4,Up,Up,,,,,,
2203318229582,922,-1,CIM_NetworkAdapter,10,CIM_ComputerSystem,osdc-mc1-d1-oa1b.vmware.com, ,,,00:1C:C4:14:F8:E5,udogbr,0,0,,0,119157080,10000000,,,,,,"",001CC414F8E5,Up,Up,,,,,,
2203318229569,2817,-1,CIM_NetworkAdapter,1,CIM_ComputerSystem,sc9-bm.026-pdu-red-f08.vmware.com, ,0,,00:19:85:00:8F:26,eth0,0,0,,0,0,10000000,255.255.248.0,,,,,"",001985008F26,Up,Up,,,,,,
2203318229562,924,-1,CIM_NetworkAdapter,4,CIM_ComputerSystem,osdc-mc1-d1-oa1a.vmware.com, ,,,00:1B:78:E4:4A:89,eth3,0,0,,0,0,10000000,,,,,,"",001B78E44A89,Up,Down,,,,,,
2203318229571,3677,-1,CIM_NetworkAdapter,1,CIM_ComputerSystem,sc9-bm.026-pdu-pri-n03.vmware.com, ,0,,00:19:85:00:8F:10,eth0,0,0,,0,0,10000000,255.255.248.0,,,,,"",001985008F10,Up,Up,,,,,,
2203318229577,922,-1,CIM_NetworkAdapter,5,CIM_ComputerSystem,osdc-mc1-d1-oa1b.vmware.com, ,127.0.0.1,,"",lo,0,0,,7370793,7370793,10000000,255.0.0.0,,,,,"","",Up,Up,,,,,,
2203318224198,1403,-1,CIM_NetworkAdapter,6,CIM_ComputerSystem,sc9-l07-oa1a.vmware.com, ,,,"",teql0,0,0,,0,0,0,,,,,,"","",Down,Down,,,,,,
2203318224193,1403,-1,CIM_NetworkAdapter,1,CIM_ComputerSystem,sc9-l07-oa1a.vmware.com, ,169.254.0.1,,00:1C:C4:14:C9:CE,eth0,2,0,,188846593,234923370,10000000,255.255.255.0,,,,,"",001CC414C9CE,Up,Up,,,,,,
2203318229567,924,-1,CIM_NetworkAdapter,9,CIM_ComputerSystem,osdc-mc1-d1-oa1a.vmware.com, ,169.254.255.1,,"",ppp0,0,0,,93580329,155854221,0,255.255.255.255,,,,,"","",Up,Up,,,,,,
2203318229580,922,-1,CIM_NetworkAdapter,8,CIM_ComputerSystem,osdc-mc1-d1-oa1b.vmware.com, ,169.254.1.157,,00:1B:78:E4:1A:8C,elinkbr,0,0,,2536296,0,10000000,255.255.0.0,,,,,"",001B78E41A8C,Up,Up,,,,,,
2203318229563,924,-1,CIM_NetworkAdapter,5,CIM_ComputerSystem,osdc-mc1-d1-oa1a.vmware.com, ,127.0.0.1,,"",lo,0,0,,7370793,7370793,10000000,255.0.0.0,,,,,"","",Up,Up,,,,,,
2203318224194,1403,-1,CIM_NetworkAdapter,2,CIM_ComputerSystem,sc9-l07-oa1a.vmware.com, ,10.113.58.90,,00:1C:C4:14:C9:CF,eth1,0,0,,3866372603,2183290778,10000000,255.255.254.0,,,,,"",001CC414C9CF,Up,Up,,,,,,
2203318229572,2818,-1,CIM_NetworkAdapter,1,CIM_ComputerSystem,sc9-bm.026-pdu-pri-f12.vmware.com, ,0,,00:19:85:00:73:FE,eth0,0,0,,0,0,10000000,255.255.248.0,,,,,"",0019850073FE,Up,Up,,,,,,
2203318229573,922,-1,CIM_NetworkAdapter,1,CIM_ComputerSystem,osdc-mc1-d1-oa1b.vmware.com, ,169.254.0.1,,00:1C:C4:14:F8:E4,eth0,0,0,,2542103064,154606919,10000000,255.255.255.0,,,,,"",001CC414F8E4,Up,Up,,,,,,
2203318229588,2840,-1,CIM_NetworkAdapter,1,CIM_ComputerSystem,sc9-bm.026-pdu-pri-k10.vmware.com, ,0,,00:19:85:00:80:2F,eth0,0,0,,0,0,10000000,255.255.248.0,,,,,"",00198500802F,Up,Up,,,,,,
2203318229570,3676,-1,CIM_NetworkAdapter,1,CIM_ComputerSystem,sc9-bm.026-pdu-red-n02.vmware.com, ,0,,00:19:85:00:72:BD,eth0,0,0,,0,0,10000000,255.255.248.0,,,,,"",0019850072BD,Up,Up,,,,,,
2203318224200,1403,-1,CIM_NetworkAdapter,8,CIM_ComputerSystem,sc9-l07-oa1a.vmware.com, ,169.254.1.86,,00:1B:78:E4:6C:86,elinkbr,0,0,,446274318,0,10000000,255.255.0.0,,,,,"",001B78E46C86,Up,Up,,,,,,
2203318224199,1403,-1,CIM_NetworkAdapter,7,CIM_ComputerSystem,sc9-l07-oa1a.vmware.com, ,,,"",tunl0,0,0,,0,0,0,,,,,,"","",Down,Down,,,,,,
2203318224197,1403,-1,CIM_NetworkAdapter,5,CIM_ComputerSystem,sc9-l07-oa1a.vmware.com, ,127.0.0.1,,"",lo,0,0,,104692378,104692378,10000000,255.0.0.0,,,,,"","",Up,Up,,,,,,
2203318229583,2828,-1,CIM_NetworkAdapter,1,CIM_ComputerSystem,sc9-bm.026-pdu-red-h04.vmware.com, ,0,,00:19:85:E0:AD:6D,eth0,0,0,,0,0,10000000,255.255.248.0,,,,,"",001985E0AD6D,Up,Up,,,,,,
2203318229576,922,-1,CIM_NetworkAdapter,4,CIM_ComputerSystem,osdc-mc1-d1-oa1b.vmware.com, ,,,00:1B:78:E4:4A:89,eth3,0,0,,0,0,10000000,,,,,,"",001B78E44A89,Up,Down,,,,,,
2203318229585,2837,-1,CIM_NetworkAdapter,1,CIM_ComputerSystem,sc9-bm.026-pdu-pri-i12.vmware.com, ,0,,00:19:85:00:8F:1A,eth0,0,0,,0,0,10000000,255.255.248.0,,,,,"",001985008F1A,Up,Up,,,,,,
2203318229584,2826,-1,CIM_NetworkAdapter,1,CIM_ComputerSystem,sc9-bm.026-pdu-pri-n09.vmware.com, ,0,,00:19:85:00:80:1F,eth0,0,0,,0,0,10000000,255.255.248.0,,,,,"",00198500801F,Up,Up,,,,,,
2203318224202,1403,-1,CIM_NetworkAdapter,10,CIM_ComputerSystem,sc9-l07-oa1a.vmware.com, ,169.254.255.1,,"",ppp0,0,0,,1676921948,760132516,0,255.255.255.255,,,,,"","",Up,Up,,,,,,
2203318229586,2845,-1,CIM_NetworkAdapter,1,CIM_ComputerSystem,sc9-bm.026-pdu-pri-k12.vmware.com, ,0,,00:19:85:00:80:2D,eth0,0,0,,0,0,10000000,255.255.248.0,,,,,"",00198500802D,Up,Up,,,,,,
2203318229595,994,-1,CIM_NetworkAdapter,1,CIM_ComputerSystem,osdc-mc1-f5-oa1a.vmware.com, ,169.254.0.1,,00:1C:C4:14:C8:8E,eth0,0,0,,4011250800,3213951249,100000000,255.255.255.0,,,,,"",001CC414C88E,Up,Up,,,,,,
2203318229606,996,-1,CIM_NetworkAdapter,1,CIM_ComputerSystem,osdc-mc1-f5-oa1b.vmware.com, ,169.254.0.1,,00:1C:C4:14:C8:8E,eth0,0,0,,4011250800,3213951249,100000000,255.255.255.0,,,,,"",001CC414C88E,Up,Up,,,,,,
2203318229587,2847,-1,CIM_NetworkAdapter,1,CIM_ComputerSystem,sc9-bm.026-pdu-pri-k11.vmware.com, ,0,,00:19:85:00:80:10,eth0,0,0,,0,0,10000000,255.255.248.0,,,,,"",001985008010,Up,Up,,,,,,
2203318229596,994,-1,CIM_NetworkAdapter,2,CIM_ComputerSystem,osdc-mc1-f5-oa1a.vmware.com, ,10.16.25.17,,00:1C:C4:14:C8:8F,eth1,1,0,,2560930217,2289015265,100000000,255.255.254.0,,,,,"",001CC414C88F,Up,Up,,,,,,
2203318229589,2841,-1,CIM_NetworkAdapter,1,CIM_ComputerSystem,sc9-bm.026-pdu-pri-k04.vmware.com, ,0,,00:19:85:00:80:15,eth0,0,0,,0,0,10000000,255.255.248.0,,,,,"",001985008015,Up,Up,,,,,,
2203318229599,994,-1,CIM_NetworkAdapter,5,CIM_ComputerSystem,osdc-mc1-f5-oa1a.vmware.com, ,127.0.0.1,,"",lo,0,0,,995778186,995778186,10000000,255.0.0.0,,,,,"","",Up,Up,,,,,,
2203318229611,996,-1,CIM_NetworkAdapter,6,CIM_ComputerSystem,osdc-mc1-f5-oa1b.vmware.com, ,,,"",teql0,0,0,,0,0,0,,,,,,"","",Down,Down,,,,,,
2203318229609,996,-1,CIM_NetworkAdapter,4,CIM_ComputerSystem,osdc-mc1-f5-oa1b.vmware.com, ,,,00:1B:78:E4:4A:BF,eth3,0,0,,0,0,10000000,,,,,,"",001B78E44ABF,Up,Down,,,,,,
2203318229591,1161,-1,CIM_NetworkAdapter,1,CIM_ComputerSystem,avamar2tape-ilo.vmware.com, ,127.0.0.1,,"",MS TCP Loopback interface,0,0,,246748660,246748660,1000000000,255.0.0.0,,,,,"","",Up,Up,,,,,,
2203318229594,1161,-1,CIM_NetworkAdapter,65541,CIM_ComputerSystem,avamar2tape-ilo.vmware.com, ,10.16.67.249,,00:1F:29:13:81:D2,HP NC324i PCIe Dual Port Gigabit Server Adapter,0,0,,3073710456,543315498,1000000000,255.255.255.0,,,,,"",001F291381D2,Up,Up,,,,,,
2203318229597,994,-1,CIM_NetworkAdapter,3,CIM_ComputerSystem,osdc-mc1-f5-oa1a.vmware.com, ,,,00:1B:78:E4:F9:FC,eth2,0,0,,0,0,10000000,,,,,,"",001B78E4F9FC,Up,Down,,,,,,
2203318229598,994,-1,CIM_NetworkAdapter,4,CIM_ComputerSystem,osdc-mc1-f5-oa1a.vmware.com, ,,,00:1B:78:E4:4A:BF,eth3,0,0,,0,0,10000000,,,,,,"",001B78E44ABF,Up,Down,,,,,,
2203318229616,996,-1,CIM_NetworkAdapter,11,CIM_ComputerSystem,osdc-mc1-f5-oa1b.vmware.com, ,169.254.255.1,,"",ppp0,0,0,,1893972725,2646131737,0,255.255.255.255,,,,,"","",Up,Up,,,,,,
2203318229600,994,-1,CIM_NetworkAdapter,6,CIM_ComputerSystem,osdc-mc1-f5-oa1a.vmware.com, ,,,"",teql0,0,0,,0,0,0,,,,,,"","",Down,Down,,,,,,
2203318229618,3849,-1,CIM_NetworkAdapter,1,CIM_ComputerSystem,sc9-bm.026-pdu-pri-h05.vmware.com, ,0,,00:19:85:E3:23:7A,eth0,0,0,,0,0,10000000,255.255.248.0,,,,,"",001985E3237A,Up,Up,,,,,,
2203318229602,994,-1,CIM_NetworkAdapter,8,CIM_ComputerSystem,osdc-mc1-f5-oa1a.vmware.com, ,,,"",ip6tnl0,0,0,,0,0,0,,,,,,"","",Down,Down,,,,,,
2203318229604,994,-1,CIM_NetworkAdapter,10,CIM_ComputerSystem,osdc-mc1-f5-oa1a.vmware.com, ,,,00:1C:C4:14:C8:8F,udogbr,0,0,,1186332,1272309510,10000000,,,,,,"",001CC414C88F,Up,Up,,,,,,
2203318229603,994,-1,CIM_NetworkAdapter,9,CIM_ComputerSystem,osdc-mc1-f5-oa1a.vmware.com, ,169.254.1.120,,00:1B:78:E4:4A:BF,elinkbr,0,0,,478104612,0,10000000,255.255.0.0,,,,,"",001B78E44ABF,Up,Up,,,,,,
2203318229592,1161,-1,CIM_NetworkAdapter,2,CIM_ComputerSystem,avamar2tape-ilo.vmware.com, ,192.168.145.1,,00:50:56:C0:00:08,VMware Virtual Ethernet Adapter for VMnet8,0,0,,3674623,3674623,100000000,255.255.255.0,,,,,"",005056C00008,Up,Up,,,,,,
2203318229605,994,-1,CIM_NetworkAdapter,11,CIM_ComputerSystem,osdc-mc1-f5-oa1a.vmware.com, ,169.254.255.1,,"",ppp0,0,0,,1893972356,2646131368,0,255.255.255.255,,,,,"","",Up,Up,,,,,,
2203318229608,996,-1,CIM_NetworkAdapter,3,CIM_ComputerSystem,osdc-mc1-f5-oa1b.vmware.com, ,,,00:1B:78:E4:F9:FC,eth2,0,0,,0,0,10000000,,,,,,"",001B78E4F9FC,Up,Down,,,,,,
2203318229612,996,-1,CIM_NetworkAdapter,7,CIM_ComputerSystem,osdc-mc1-f5-oa1b.vmware.com, ,,,"",sit0,0,0,,0,0,0,,,,,,"","",Down,Down,,,,,,
2203318229615,996,-1,CIM_NetworkAdapter,10,CIM_ComputerSystem,osdc-mc1-f5-oa1b.vmware.com, ,,,00:1C:C4:14:C8:8F,udogbr,0,0,,1186332,1272347167,10000000,,,,,,"",001CC414C88F,Up,Up,,,,,,
2203318229613,996,-1,CIM_NetworkAdapter,8,CIM_ComputerSystem,osdc-mc1-f5-oa1b.vmware.com, ,,,"",ip6tnl0,0,0,,0,0,0,,,,,,"","",Down,Down,,,,,,
2203318229646,3848,-1,CIM_NetworkAdapter,1,CIM_ComputerSystem,sc9-bm.026-pdu-pri-i01.vmware.com, ,0,,00:19:85:00:80:2C,eth0,0,0,,0,0,10000000,255.255.248.0,,,,,"",00198500802C,Up,Up,,,,,,
2203318229614,996,-1,CIM_NetworkAdapter,9,CIM_ComputerSystem,osdc-mc1-f5-oa1b.vmware.com, ,169.254.1.120,,00:1B:78:E4:4A:BF,elinkbr,0,0,,478104738,0,10000000,255.255.0.0,,,,,"",001B78E44ABF,Up,Up,,,,,,
2203318229607,996,-1,CIM_NetworkAdapter,2,CIM_ComputerSystem,osdc-mc1-f5-oa1b.vmware.com, ,10.16.25.17,,00:1C:C4:14:C8:8F,eth1,1,0,,2560930217,2289015265,100000000,255.255.254.0,,,,,"",001CC414C88F,Up,Up,,,,,,
2203318229610,996,-1,CIM_NetworkAdapter,5,CIM_ComputerSystem,osdc-mc1-f5-oa1b.vmware.com, ,127.0.0.1,,"",lo,0,0,,995778186,995778186,10000000,255.0.0.0,,,,,"","",Up,Up,,,,,,
2203318229631,2885,-1,CIM_NetworkAdapter,10008,CIM_ComputerSystem,sc9-pdu-sw02.vmware.com, ,,,00:1E:4A:DB:70:0A,FastEthernet1/0/8,0,0,,3942518271,0,10000000,,,,,,"",001E4ADB700A,Up,Up,,,,,,
2203318229644,2885,-1,CIM_NetworkAdapter,10021,CIM_ComputerSystem,sc9-pdu-sw02.vmware.com, ,,,00:1E:4A:DB:70:17,FastEthernet1/0/21,0,0,,3927333305,27383611,10000000,,,,,,"",001E4ADB7017,Up,Up,,,,,,
2203318229688,2885,-1,CIM_NetworkAdapter,10042,CIM_ComputerSystem,sc9-pdu-sw02.vmware.com, ,,,00:1E:4A:DB:70:2E,FastEthernet1/0/42,1,0,,3962025650,20731862,10000000,,,,,,"",001E4ADB702E,Up,Up,,,,,,
2203318229683,2886,-1,CIM_NetworkAdapter,10014,CIM_ComputerSystem,sc9-pdu-sw03.vmware.com, ,,,00:21:A1:82:B5:90,FastEthernet1/0/14,0,0,,3975202349,28001759,10000000,,,,,,"",0021A182B590,Up,Up,,,,,,
2203318229674,3845,-1,CIM_NetworkAdapter,1,CIM_ComputerSystem,sc9-bm.026-pdu-red-f11.vmware.com, ,0,,00:19:85:00:72:BC,eth0,0,0,,0,0,10000000,255.255.248.0,,,,,"",0019850072BC,Up,Up,,,,,,
2203318229626,2885,-1,CIM_NetworkAdapter,10003,CIM_ComputerSystem,sc9-pdu-sw02.vmware.com, ,,,00:1E:4A:DB:70:05,FastEthernet1/0/3,0,0,,3969686991,28378110,10000000,,,,,,"",001E4ADB7005,Up,Up,,,,,,
2203318229659,2885,-1,CIM_NetworkAdapter,10028,CIM_ComputerSystem,sc9-pdu-sw02.vmware.com, ,,,00:1E:4A:DB:70:20,FastEthernet1/0/28,0,0,,0,0,10000000,,,,,,"",001E4ADB7020,Up,Down,,,,,,
2203318229671,2885,-1,CIM_NetworkAdapter,10034,CIM_ComputerSystem,sc9-pdu-sw02.vmware.com, ,,,00:1E:4A:DB:70:26,FastEthernet1/0/34,0,0,,0,0,10000000,,,,,,"",001E4ADB7026,Up,Down,,,,,,
2203318229627,2885,-1,CIM_NetworkAdapter,10004,CIM_ComputerSystem,sc9-pdu-sw02.vmware.com, ,,,00:1E:4A:DB:70:06,FastEthernet1/0/4,0,0,,3942551979,3246130,10000000,,,,,,"",001E4ADB7006,Up,Up,,,,,,
2203318229667,2885,-1,CIM_NetworkAdapter,10032,CIM_ComputerSystem,sc9-pdu-sw02.vmware.com, ,,,00:1E:4A:DB:70:24,FastEthernet1/0/32,0,0,,0,0,10000000,,,,,,"",001E4ADB7024,Up,Down,,,,,,
2203318229682,2885,-1,CIM_NetworkAdapter,10039,CIM_ComputerSystem,sc9-pdu-sw02.vmware.com, ,,,00:1E:4A:DB:70:2B,FastEthernet1/0/39,0,0,,0,0,10000000,,,,,,"",001E4ADB702B,Up,Down,,,,,,
2203318229720,3844,-1,CIM_NetworkAdapter,1,CIM_ComputerSystem,sc9-bm.026-pdu-red-f06.vmware.com, ,0,,00:19:85:00:80:24,eth0,0,0,,0,0,10000000,255.255.248.0,,,,,"",001985008024,Up,Up,,,,,,
2203318229630,2885,-1,CIM_NetworkAdapter,10007,CIM_ComputerSystem,sc9-pdu-sw02.vmware.com, ,,,00:1E:4A:DB:70:09,FastEthernet1/0/7,0,0,,3942516115,0,10000000,,,,,,"",001E4ADB7009,Up,Up,,,,,,
2203318229694,2885,-1,CIM_NetworkAdapter,10045,CIM_ComputerSystem,sc9-pdu-sw02.vmware.com, ,,,00:1E:4A:DB:70:31,FastEthernet1/0/45,0,0,,3969421928,28353831,10000000,,,,,,"",001E4ADB7031,Up,Up,,,,,,
2203318229696,2885,-1,CIM_NetworkAdapter,10046,CIM_ComputerSystem,sc9-pdu-sw02.vmware.com, ,,,00:1E:4A:DB:70:32,FastEthernet1/0/46,2,0,,3969117161,28017100,10000000,,,,,,"",001E4ADB7032,Up,Up,,,,,,
2203318229636,2885,-1,CIM_NetworkAdapter,10013,CIM_ComputerSystem,sc9-pdu-sw02.vmware.com, ,,,00:1E:4A:DB:70:0F,FastEthernet1/0/13,0,0,,3968677136,27227882,10000000,,,,,,"",001E4ADB700F,Up,Up,,,,,,
2203318229676,2885,-1,CIM_NetworkAdapter,10036,CIM_ComputerSystem,sc9-pdu-sw02.vmware.com, ,,,00:1E:4A:DB:70:28,FastEthernet1/0/36,0,0,,0,0,10000000,,,,,,"",001E4ADB7028,Up,Down,,,,,,
2203318229642,2885,-1,CIM_NetworkAdapter,10019,CIM_ComputerSystem,sc9-pdu-sw02.vmware.com, ,,,00:1E:4A:DB:70:15,FastEthernet1/0/19,0,0,,3926328891,27472876,10000000,,,,,,"",001E4ADB7015,Up,Up,,,,,,
2203318229686,2885,-1,CIM_NetworkAdapter,10041,CIM_ComputerSystem,sc9-pdu-sw02.vmware.com, ,,,00:1E:4A:DB:70:2D,FastEthernet1/0/41,0,0,,3969121008,28016553,10000000,,,,,,"",001E4ADB702D,Up,Up,,,,,,
2203318229680,2885,-1,CIM_NetworkAdapter,10038,CIM_ComputerSystem,sc9-pdu-sw02.vmware.com, ,,,00:1E:4A:DB:70:2A,FastEthernet1/0/38,0,0,,0,0,10000000,,,,,,"",001E4ADB702A,Up,Down,,,,,,
2203318229647,2885,-1,CIM_NetworkAdapter,10023,CIM_ComputerSystem,sc9-pdu-sw02.vmware.com, ,,,00:1E:4A:DB:70:19,FastEthernet1/0/23,0,0,,3968713700,27488846,10000000,,,,,,"",001E4ADB7019,Up,Up,,,,,,
2203318229656,2885,-1,CIM_NetworkAdapter,10027,CIM_ComputerSystem,sc9-pdu-sw02.vmware.com, ,,,00:1E:4A:DB:70:1F,FastEthernet1/0/27,0,0,,0,0,10000000,,,,,,"",001E4ADB701F,Up,Down,,,,,,
2203318229634,2885,-1,CIM_NetworkAdapter,10011,CIM_ComputerSystem,sc9-pdu-sw02.vmware.com, ,,,00:1E:4A:DB:70:0D,FastEthernet1/0/11,0,0,,3968576374,27205772,10000000,,,,,,"",001E4ADB700D,Up,Up,,,,,,
2203318229678,2885,-1,CIM_NetworkAdapter,10037,CIM_ComputerSystem,sc9-pdu-sw02.vmware.com, ,,,00:1E:4A:DB:70:29,FastEthernet1/0/37,0,0,,0,0,10000000,,,,,,"",001E4ADB7029,Up,Down,,,,,,
2203318229684,2885,-1,CIM_NetworkAdapter,10040,CIM_ComputerSystem,sc9-pdu-sw02.vmware.com, ,,,00:1E:4A:DB:70:2C,FastEthernet1/0/40,0,0,,3969140538,28029706,10000000,,,,,,"",001E4ADB702C,Up,Up,,,,,,
2203318229623,2885,-1,CIM_NetworkAdapter,5180,CIM_ComputerSystem,sc9-pdu-sw02.vmware.com, ,,,"",StackSub-St1-1,,,,,,0,,,,,,"","",Up,Down,,,,,,
2203318229637,2885,-1,CIM_NetworkAdapter,10014,CIM_ComputerSystem,sc9-pdu-sw02.vmware.com, ,,,00:1E:4A:DB:70:10,FastEthernet1/0/14,0,0,,3969372321,28019134,10000000,,,,,,"",001E4ADB7010,Up,Up,,,,,,
2203318229669,2885,-1,CIM_NetworkAdapter,10033,CIM_ComputerSystem,sc9-pdu-sw02.vmware.com, ,,,00:1E:4A:DB:70:25,FastEthernet1/0/33,0,0,,0,0,10000000,,,,,,"",001E4ADB7025,Up,Down,,,,,,
2203318229652,2886,-1,CIM_NetworkAdapter,5179,CIM_ComputerSystem,sc9-pdu-sw03.vmware.com, ,,,"",StackPort1,0,0,,0,0,0,,,,,,"","",Up,Down,,,,,,
2203318229621,2885,-1,CIM_NetworkAdapter,5179,CIM_ComputerSystem,sc9-pdu-sw02.vmware.com, ,,,"",StackPort1,0,0,,0,0,0,,,,,,"","",Up,Down,,,,,,
2203318229632,2885,-1,CIM_NetworkAdapter,10009,CIM_ComputerSystem,sc9-pdu-sw02.vmware.com, ,,,00:1E:4A:DB:70:0B,FastEthernet1/0/9,0,0,,3969524845,28267772,10000000,,,,,,"",001E4ADB700B,Up,Up,,,,,,
2203318229690,2885,-1,CIM_NetworkAdapter,10043,CIM_ComputerSystem,sc9-pdu-sw02.vmware.com, ,,,00:1E:4A:DB:70:2F,FastEthernet1/0/43,0,0,,3968470538,27234023,10000000,,,,,,"",001E4ADB702F,Up,Up,,,,,,
2203318229705,2885,-1,CIM_NetworkAdapter,10102,CIM_ComputerSystem,sc9-pdu-sw02.vmware.com, ,,,00:1E:4A:DB:70:02,GigabitEthernet1/0/2,0,0,,0,0,10000000,,,,,,"",001E4ADB7002,Up,Down,,,,,,
2203318229672,2886,-1,CIM_NetworkAdapter,10009,CIM_ComputerSystem,sc9-pdu-sw03.vmware.com, ,,,00:21:A1:82:B5:8B,FastEthernet1/0/9,0,0,,3975156088,28041353,10000000,,,,,,"",0021A182B58B,Up,Up,,,,,,
2203318229691,2886,-1,CIM_NetworkAdapter,10018,CIM_ComputerSystem,sc9-pdu-sw03.vmware.com, ,,,00:21:A1:82:B5:94,FastEthernet1/0/18,0,0,,3974461190,27219246,10000000,,,,,,"",0021A182B594,Up,Up,,,,,,
2203318229725,2886,-1,CIM_NetworkAdapter,10040,CIM_ComputerSystem,sc9-pdu-sw03.vmware.com, ,,,00:21:A1:82:B5:AC,FastEthernet1/0/40,0,0,,3975339292,28288694,10000000,,,,,,"",0021A182B5AC,Up,Up,,,,,,
2203318229704,2886,-1,CIM_NetworkAdapter,10024,CIM_ComputerSystem,sc9-pdu-sw03.vmware.com, ,,,00:21:A1:82:B5:9A,FastEthernet1/0/24,0,0,,3968458965,21096976,10000000,,,,,,"",0021A182B59A,Up,Up,,,,,,
2203318229619,2885,-1,CIM_NetworkAdapter,1,CIM_ComputerSystem,sc9-pdu-sw02.vmware.com, ,,,00:1E:4A:DB:70:40,Vlan1,0,0,,0,0,1000000000,,,,,,"",001E4ADB7040,Up,Down,,,,,,
2203318229643,2885,-1,CIM_NetworkAdapter,10020,CIM_ComputerSystem,sc9-pdu-sw02.vmware.com, ,,,00:1E:4A:DB:70:16,FastEthernet1/0/20,0,0,,3927470110,27575141,10000000,,,,,,"",001E4ADB7016,Up,Up,,,,,,
2203318229663,2885,-1,CIM_NetworkAdapter,10030,CIM_ComputerSystem,sc9-pdu-sw02.vmware.com, ,,,00:1E:4A:DB:70:22,FastEthernet1/0/30,0,0,,0,0,10000000,,,,,,"",001E4ADB7022,Up,Down,,,,,,
2203318229710,2885,-1,CIM_NetworkAdapter,10104,CIM_ComputerSystem,sc9-pdu-sw02.vmware.com, ,,,,,0,0,,0,0,,,,,,,"","",,,,,,,,
2203318229701,2885,-1,CIM_NetworkAdapter,10048,CIM_ComputerSystem,sc9-pdu-sw02.vmware.com, ,,,00:1E:4A:DB:70:34,FastEthernet1/0/48,0,0,,1299187368,3870379255,100000000,,,,,,"",001E4ADB7034,Up,Up,,,,,,
2203318229664,2886,-1,CIM_NetworkAdapter,10005,CIM_ComputerSystem,sc9-pdu-sw03.vmware.com, ,,,00:21:A1:82:B5:87,FastEthernet1/0/5,0,0,,3975584934,28456328,10000000,,,,,,"",0021A182B587,Up,Up,,,,,,
2203318229649,2885,-1,CIM_NetworkAdapter,10024,CIM_ComputerSystem,sc9-pdu-sw02.vmware.com, ,,,00:1E:4A:DB:70:1A,FastEthernet1/0/24,0,0,,3962303540,20810768,10000000,,,,,,"",001E4ADB701A,Up,Up,,,,,,
2203318229739,2886,-1,CIM_NetworkAdapter,10104,CIM_ComputerSystem,sc9-pdu-sw03.vmware.com, ,,,,,0,0,,0,0,,,,,,,"","",,,,,,,,
2203318229695,2886,-1,CIM_NetworkAdapter,10020,CIM_ComputerSystem,sc9-pdu-sw03.vmware.com, ,,,00:21:A1:82:B5:96,FastEthernet1/0/20,0,0,,3975307527,28115238,10000000,,,,,,"",0021A182B596,Up,Up,,,,,,
2203318229737,2886,-1,CIM_NetworkAdapter,10102,CIM_ComputerSystem,sc9-pdu-sw03.vmware.com, ,,,00:21:A1:82:B5:82,GigabitEthernet1/0/2,0,0,,0,0,10000000,,,,,,"",0021A182B582,Up,Down,,,,,,
2203318229665,2885,-1,CIM_NetworkAdapter,10031,CIM_ComputerSystem,sc9-pdu-sw02.vmware.com, ,,,00:1E:4A:DB:70:23,FastEthernet1/0/31,0,0,,0,0,10000000,,,,,,"",001E4ADB7023,Up,Down,,,,,,
2203318229661,2885,-1,CIM_NetworkAdapter,10029,CIM_ComputerSystem,sc9-pdu-sw02.vmware.com, ,,,00:1E:4A:DB:70:21,FastEthernet1/0/29,0,0,,0,0,10000000,,,,,,"",001E4ADB7021,Up,Down,,,,,,
2203318229703,2885,-1,CIM_NetworkAdapter,10101,CIM_ComputerSystem,sc9-pdu-sw02.vmware.com, ,,,00:1E:4A:DB:70:01,GigabitEthernet1/0/1,0,0,,0,0,10000000,,,,,,"",001E4ADB7001,Up,Down,,,,,,
2203318229692,2885,-1,CIM_NetworkAdapter,10044,CIM_ComputerSystem,sc9-pdu-sw02.vmware.com, ,,,00:1E:4A:DB:70:30,FastEthernet1/0/44,0,0,,3968772873,27560297,10000000,,,,,,"",001E4ADB7030,Up,Up,,,,,,
2203318229708,2885,-1,CIM_NetworkAdapter,10103,CIM_ComputerSystem,sc9-pdu-sw02.vmware.com, ,,,00:1E:4A:DB:70:1B,GigabitEthernet1/0/3,0,0,,0,0,10000000,,,,,,"",001E4ADB701B,Up,Down,,,,,,
2203318229733,2886,-1,CIM_NetworkAdapter,10047,CIM_ComputerSystem,sc9-pdu-sw03.vmware.com, ,,,00:21:A1:82:B5:B3,FastEthernet1/0/47,0,0,,0,0,10000000,,,,,,"",0021A182B5B3,Up,Down,,,,,,
2203318229711,2886,-1,CIM_NetworkAdapter,10028,CIM_ComputerSystem,sc9-pdu-sw03.vmware.com, ,,,00:21:A1:82:B5:A0,FastEthernet1/0/28,0,0,,0,0,10000000,,,,,,"",0021A182B5A0,Up,Down,,,,,,
2203318229625,2885,-1,CIM_NetworkAdapter,5181,CIM_ComputerSystem,sc9-pdu-sw02.vmware.com, ,,,"",StackSub-St1-2,,,,,,0,,,,,,"","",Up,Down,,,,,,
2203318229638,2885,-1,CIM_NetworkAdapter,10015,CIM_ComputerSystem,sc9-pdu-sw02.vmware.com, ,,,00:1E:4A:DB:70:11,FastEthernet1/0/15,1,0,,3969362867,28020007,10000000,,,,,,"",001E4ADB7011,Up,Up,,,,,,
2203318229641,2885,-1,CIM_NetworkAdapter,10018,CIM_ComputerSystem,sc9-pdu-sw02.vmware.com, ,,,00:1E:4A:DB:70:14,FastEthernet1/0/18,1,0,,3925960836,27094174,10000000,,,,,,"",001E4ADB7014,Up,Up,,,,,,
2203318229698,2885,-1,CIM_NetworkAdapter,10047,CIM_ComputerSystem,sc9-pdu-sw02.vmware.com, ,,,00:1E:4A:DB:70:33,FastEthernet1/0/47,0,0,,0,0,10000000,,,,,,"",001E4ADB7033,Up,Down,,,,,,
2203318229699,2889,-1,CIM_NetworkAdapter,1,CIM_ComputerSystem,sc9-bm.026-pdu-red-k11.vmware.com, ,0,,00:19:85:00:80:33,eth0,0,0,,0,0,10000000,255.255.248.0,,,,,"",001985008033,Up,Up,,,,,,
2203318229712,2885,-1,CIM_NetworkAdapter,14501,CIM_ComputerSystem,sc9-pdu-sw02.vmware.com, ,,,,,0,0,,0,0,,,,,,,"","",,,,,,,,
2203318229633,2885,-1,CIM_NetworkAdapter,10010,CIM_ComputerSystem,sc9-pdu-sw02.vmware.com, ,,,00:1E:4A:DB:70:0C,FastEthernet1/0/10,0,0,,3969367034,28018132,10000000,,,,,,"",001E4ADB700C,Up,Up,,,,,,
2203318229620,2885,-1,CIM_NetworkAdapter,3461,CIM_ComputerSystem,sc9-pdu-sw02.vmware.com, ,10.113.195.199,,00:1E:4A:DB:70:41,Vlan3461,0,0,,439434184,826756862,1000000000,255.255.248.0,,,,,"",001E4ADB7041,Up,Up,,,,,,
2203318229731,2886,-1,CIM_NetworkAdapter,10045,CIM_ComputerSystem,sc9-pdu-sw03.vmware.com, ,,,00:21:A1:82:B5:B1,FastEthernet1/0/45,0,0,,3975401406,28375842,10000000,,,,,,"",0021A182B5B1,Up,Up,,,,,,
2203318229700,2886,-1,CIM_NetworkAdapter,10022,CIM_ComputerSystem,sc9-pdu-sw03.vmware.com, ,,,00:21:A1:82:B5:98,FastEthernet1/0/22,0,0,,3968251550,20866563,10000000,,,,,,"",0021A182B598,Up,Up,,,,,,
2203318229721,2886,-1,CIM_NetworkAdapter,10036,CIM_ComputerSystem,sc9-pdu-sw03.vmware.com, ,,,00:21:A1:82:B5:A8,FastEthernet1/0/36,0,0,,3974844696,27593857,10000000,,,,,,"",0021A182B5A8,Up,Up,,,,,,
2203318229722,2886,-1,CIM_NetworkAdapter,10037,CIM_ComputerSystem,sc9-pdu-sw03.vmware.com, ,,,00:21:A1:82:B5:A9,FastEthernet1/0/37,0,0,,3974833989,27597289,10000000,,,,,,"",0021A182B5A9,Up,Up,,,,,,
2203318229741,2891,-1,CIM_NetworkAdapter,1,CIM_ComputerSystem,sc9-bm.026-pdu-red-k10.vmware.com, ,0,,00:19:85:00:80:34,eth0,0,0,,0,0,10000000,255.255.248.0,,,,,"",001985008034,Up,Up,,,,,,
2203318229624,2885,-1,CIM_NetworkAdapter,10002,CIM_ComputerSystem,sc9-pdu-sw02.vmware.com, ,,,00:1E:4A:DB:70:04,FastEthernet1/0/2,0,0,,3969758285,28421804,10000000,,,,,,"",001E4ADB7004,Up,Up,,,,,,
2203318229651,2885,-1,CIM_NetworkAdapter,10025,CIM_ComputerSystem,sc9-pdu-sw02.vmware.com, ,,,00:1E:4A:DB:70:1D,FastEthernet1/0/25,0,0,,0,0,10000000,,,,,,"",001E4ADB701D,Up,Down,,,,,,
2203318229716,2886,-1,CIM_NetworkAdapter,10032,CIM_ComputerSystem,sc9-pdu-sw03.vmware.com, ,,,00:21:A1:82:B5:A4,FastEthernet1/0/32,0,0,,0,0,10000000,,,,,,"",0021A182B5A4,Up,Down,,,,,,
2203318229702,2886,-1,CIM_NetworkAdapter,10023,CIM_ComputerSystem,sc9-pdu-sw03.vmware.com, ,,,00:21:A1:82:B5:99,FastEthernet1/0/23,0,0,,3968480318,21096150,10000000,,,,,,"",0021A182B599,Up,Up,,,,,,
2203318229714,2886,-1,CIM_NetworkAdapter,10030,CIM_ComputerSystem,sc9-pdu-sw03.vmware.com, ,,,00:21:A1:82:B5:A2,FastEthernet1/0/30,0,0,,0,0,10000000,,,,,,"",0021A182B5A2,Up,Down,,,,,,
2203318229718,2886,-1,CIM_NetworkAdapter,10034,CIM_ComputerSystem,sc9-pdu-sw03.vmware.com, ,,,00:21:A1:82:B5:A6,FastEthernet1/0/34,0,0,,0,0,10000000,,,,,,"",0021A182B5A6,Up,Down,,,,,,
2203318229740,2886,-1,CIM_NetworkAdapter,14501,CIM_ComputerSystem,sc9-pdu-sw03.vmware.com, ,,,,,0,0,,0,0,,,,,,,"","",,,,,,,,
2203318229635,2885,-1,CIM_NetworkAdapter,10012,CIM_ComputerSystem,sc9-pdu-sw02.vmware.com, ,,,00:1E:4A:DB:70:0E,FastEthernet1/0/12,0,0,,3968985059,27579740,10000000,,,,,,"",001E4ADB700E,Up,Up,,,,,,
2203318229640,2885,-1,CIM_NetworkAdapter,10017,CIM_ComputerSystem,sc9-pdu-sw02.vmware.com, ,,,00:1E:4A:DB:70:13,FastEthernet1/0/17,0,0,,3969325063,28016514,10000000,,,,,,"",001E4ADB7013,Up,Up,,,,,,
2203318229706,2886,-1,CIM_NetworkAdapter,10025,CIM_ComputerSystem,sc9-pdu-sw03.vmware.com, ,,,00:21:A1:82:B5:9D,FastEthernet1/0/25,0,0,,3968459548,21109607,10000000,,,,,,"",0021A182B59D,Up,Up,,,,,,
2203318229726,2886,-1,CIM_NetworkAdapter,10041,CIM_ComputerSystem,sc9-pdu-sw03.vmware.com, ,,,00:21:A1:82:B5:AD,FastEthernet1/0/41,0,0,,3975063410,28019873,10000000,,,,,,"",0021A182B5AD,Up,Up,,,,,,
2203318229768,2905,-1,CIM_NetworkAdapter,10015,CIM_ComputerSystem,sc9-pdu-sw01.vmware.com, ,,,00:19:55:37:D6:91,FastEthernet1/0/15,0,0,,3971950420,27596727,10000000,,,,,,"",00195537D691,Up,Up,,,,,,
2203318229806,2905,-1,CIM_NetworkAdapter,14501,CIM_ComputerSystem,sc9-pdu-sw01.vmware.com, ,,,,,0,0,,0,0,,,,,,,"","",,,,,,,,
2203318229622,2885,-1,CIM_NetworkAdapter,10001,CIM_ComputerSystem,sc9-pdu-sw02.vmware.com, ,,,00:1E:4A:DB:70:03,FastEthernet1/0/1,0,0,,3962418952,20896114,10000000,,,,,,"",001E4ADB7003,Up,Up,,,,,,
2203318229639,2885,-1,CIM_NetworkAdapter,10016,CIM_ComputerSystem,sc9-pdu-sw02.vmware.com, ,,,00:1E:4A:DB:70:12,FastEthernet1/0/16,0,0,,3969692839,28388021,10000000,,,,,,"",001E4ADB7012,Up,Up,,,,,,
2203318229653,2885,-1,CIM_NetworkAdapter,10026,CIM_ComputerSystem,sc9-pdu-sw02.vmware.com, ,,,00:1E:4A:DB:70:1E,FastEthernet1/0/26,0,0,,0,0,10000000,,,,,,"",001E4ADB701E,Up,Down,,,,,,
2203318227995,2816,-1,CIM_NetworkAdapter,1,CIM_ComputerSystem,10.113.195.29, ,0,,00:19:85:00:72:B9,eth0,0,0,,0,0,10000000,255.255.248.0,,,,,"",0019850072B9,Up,Up,,,,,,
2203318229735,3847,-1,CIM_NetworkAdapter,1,CIM_ComputerSystem,sc9-bm.026-pdu-pri-f13.vmware.com, ,0,,00:19:85:00:72:B7,eth0,0,0,,0,0,10000000,255.255.248.0,,,,,"",0019850072B7,Up,Up,,,,,,
2203318229628,2885,-1,CIM_NetworkAdapter,10005,CIM_ComputerSystem,sc9-pdu-sw02.vmware.com, ,,,00:1E:4A:DB:70:07,FastEthernet1/0/5,0,0,,3969428831,28141087,10000000,,,,,,"",001E4ADB7007,Up,Up,,,,,,
2203318229629,2885,-1,CIM_NetworkAdapter,10006,CIM_ComputerSystem,sc9-pdu-sw02.vmware.com, ,,,00:1E:4A:DB:70:08,FastEthernet1/0/6,1,0,,3969283357,27999838,10000000,,,,,,"",001E4ADB7008,Up,Up,,,,,,
2203318229673,2885,-1,CIM_NetworkAdapter,10035,CIM_ComputerSystem,sc9-pdu-sw02.vmware.com, ,,,00:1E:4A:DB:70:27,FastEthernet1/0/35,0,0,,0,0,10000000,,,,,,"",001E4ADB7027,Up,Down,,,,,,
2203318229679,2886,-1,CIM_NetworkAdapter,10012,CIM_ComputerSystem,sc9-pdu-sw03.vmware.com, ,,,00:21:A1:82:B5:8E,FastEthernet1/0/12,1,0,,3975365466,28150087,10000000,,,,,,"",0021A182B58E,Up,Up,,,,,,
2203318229693,2886,-1,CIM_NetworkAdapter,10019,CIM_ComputerSystem,sc9-pdu-sw03.vmware.com, ,,,00:21:A1:82:B5:95,FastEthernet1/0/19,0,0,,3975662251,28492901,10000000,,,,,,"",0021A182B595,Up,Up,,,,,,
2203318229738,2886,-1,CIM_NetworkAdapter,10103,CIM_ComputerSystem,sc9-pdu-sw03.vmware.com, ,,,00:21:A1:82:B5:9B,GigabitEthernet1/0/3,0,0,,0,0,10000000,,,,,,"",0021A182B59B,Up,Down,,,,,,
2203318229744,3841,-1,CIM_NetworkAdapter,1,CIM_ComputerSystem,sc9-bm.026-pdu-pri-n12.vmware.com, ,0,,00:19:85:00:8F:24,eth0,0,0,,0,0,10000000,255.255.248.0,,,,,"",001985008F24,Up,Up,,,,,,
2203318229645,2885,-1,CIM_NetworkAdapter,10022,CIM_ComputerSystem,sc9-pdu-sw02.vmware.com, ,,,00:1E:4A:DB:70:18,FastEthernet1/0/22,1,0,,3968467025,27217284,10000000,,,,,,"",001E4ADB7018,Up,Up,,,,,,
2203318229689,2886,-1,CIM_NetworkAdapter,10017,CIM_ComputerSystem,sc9-pdu-sw03.vmware.com, ,,,00:21:A1:82:B5:93,FastEthernet1/0/17,0,0,,3975216159,28008739,10000000,,,,,,"",0021A182B593,Up,Up,,,,,,
2203318229717,2886,-1,CIM_NetworkAdapter,10033,CIM_ComputerSystem,sc9-pdu-sw03.vmware.com, ,,,00:21:A1:82:B5:A5,FastEthernet1/0/33,0,0,,0,0,10000000,,,,,,"",0021A182B5A5,Up,Down,,,,,,
2203318229732,2886,-1,CIM_NetworkAdapter,10046,CIM_ComputerSystem,sc9-pdu-sw03.vmware.com, ,,,00:21:A1:82:B5:B2,FastEthernet1/0/46,1,0,,3975066344,28018324,10000000,,,,,,"",0021A182B5B2,Up,Up,,,,,,
2203318229736,2886,-1,CIM_NetworkAdapter,10101,CIM_ComputerSystem,sc9-pdu-sw03.vmware.com, ,,,00:21:A1:82:B5:81,GigabitEthernet1/0/1,0,0,,0,0,10000000,,,,,,"",0021A182B581,Up,Down,,,,,,
2203318229662,2886,-1,CIM_NetworkAdapter,10004,CIM_ComputerSystem,sc9-pdu-sw03.vmware.com, ,,,00:21:A1:82:B5:86,FastEthernet1/0/4,0,0,,3975205343,28003592,10000000,,,,,,"",0021A182B586,Up,Up,,,,,,
2203318229666,2886,-1,CIM_NetworkAdapter,10006,CIM_ComputerSystem,sc9-pdu-sw03.vmware.com, ,,,00:21:A1:82:B5:88,FastEthernet1/0/6,0,0,,3974749770,27470126,10000000,,,,,,"",0021A182B588,Up,Up,,,,,,
2203318229723,2886,-1,CIM_NetworkAdapter,10038,CIM_ComputerSystem,sc9-pdu-sw03.vmware.com, ,,,00:21:A1:82:B5:AA,FastEthernet1/0/38,0,0,,3975509220,28490673,10000000,,,,,,"",0021A182B5AA,Up,Up,,,,,,
2203318229729,2886,-1,CIM_NetworkAdapter,10043,CIM_ComputerSystem,sc9-pdu-sw03.vmware.com, ,,,00:21:A1:82:B5:AF,FastEthernet1/0/43,0,0,,3968335561,21097249,10000000,,,,,,"",0021A182B5AF,Up,Up,,,,,,
2203318229747,3842,-1,CIM_NetworkAdapter,1,CIM_ComputerSystem,sc9-bm.026-pdu-red-n11.vmware.com, ,0,,00:19:85:00:8F:0F,eth0,0,0,,0,0,10000000,255.255.248.0,,,,,"",001985008F0F,Up,Up,,,,,,
2203318229675,2886,-1,CIM_NetworkAdapter,10010,CIM_ComputerSystem,sc9-pdu-sw03.vmware.com, ,,,00:21:A1:82:B5:8C,FastEthernet1/0/10,0,0,,3975651763,28458446,10000000,,,,,,"",0021A182B58C,Up,Up,,,,,,
2203318229724,2886,-1,CIM_NetworkAdapter,10039,CIM_ComputerSystem,sc9-pdu-sw03.vmware.com, ,,,00:21:A1:82:B5:AB,FastEthernet1/0/39,1,0,,3974664903,27510641,10000000,,,,,,"",0021A182B5AB,Up,Up,,,,,,
2203318229748,2904,-1,CIM_NetworkAdapter,1,CIM_ComputerSystem,sc9-bm.026-pdu-pri-n01.vmware.com, ,0,,00:19:85:00:72:AC,eth0,0,0,,0,0,10000000,255.255.248.0,,,,,"",0019850072AC,Up,Up,,,,,,
2203318229727,3362,-1,CIM_NetworkAdapter,1,CIM_ComputerSystem,sc9-bm.026-pdu-red-l05.vmware.com, ,0,,00:19:85:00:80:39,eth0,0,0,,0,0,10000000,255.255.248.0,,,,,"",001985008039,Up,Up,,,,,,
2203318229670,2886,-1,CIM_NetworkAdapter,10008,CIM_ComputerSystem,sc9-pdu-sw03.vmware.com, ,,,00:21:A1:82:B5:8A,FastEthernet1/0/8,0,0,,3948401595,0,10000000,,,,,,"",0021A182B58A,Up,Up,,,,,,
2203318229697,2886,-1,CIM_NetworkAdapter,10021,CIM_ComputerSystem,sc9-pdu-sw03.vmware.com, ,,,00:21:A1:82:B5:97,FastEthernet1/0/21,0,0,,3968241246,20854454,10000000,,,,,,"",0021A182B597,Up,Up,,,,,,
2203318229745,3840,-1,CIM_NetworkAdapter,1,CIM_ComputerSystem,sc9-bm.026-pdu-pri-n11.vmware.com, ,0,,00:19:85:00:8F:0E,eth0,0,0,,0,0,10000000,255.255.248.0,,,,,"",001985008F0E,Up,Up,,,,,,
2203318229660,2886,-1,CIM_NetworkAdapter,10003,CIM_ComputerSystem,sc9-pdu-sw03.vmware.com, ,,,00:21:A1:82:B5:85,FastEthernet1/0/3,0,0,,3975529059,28387651,10000000,,,,,,"",0021A182B585,Up,Up,,,,,,
2203318229687,2886,-1,CIM_NetworkAdapter,10016,CIM_ComputerSystem,sc9-pdu-sw03.vmware.com, ,,,00:21:A1:82:B5:92,FastEthernet1/0/16,0,0,,3975492607,28296230,10000000,,,,,,"",0021A182B592,Up,Up,,,,,,
2203318229707,2886,-1,CIM_NetworkAdapter,10026,CIM_ComputerSystem,sc9-pdu-sw03.vmware.com, ,,,00:21:A1:82:B5:9E,FastEthernet1/0/26,0,0,,0,0,10000000,,,,,,"",0021A182B59E,Up,Down,,,,,,
2203318229650,2886,-1,CIM_NetworkAdapter,3461,CIM_ComputerSystem,sc9-pdu-sw03.vmware.com, ,10.113.195.200,,00:21:A1:82:B5:C1,Vlan3461,0,0,,444516553,830383263,1000000000,255.255.248.0,,,,,"",0021A182B5C1,Up,Up,,,,,,
2203318229771,2905,-1,CIM_NetworkAdapter,10018,CIM_ComputerSystem,sc9-pdu-sw01.vmware.com, ,,,00:19:55:37:D6:94,FastEthernet1/0/18,0,0,,3971958114,27590570,10000000,,,,,,"",00195537D694,Up,Up,,,,,,
2203318229791,2905,-1,CIM_NetworkAdapter,10038,CIM_ComputerSystem,sc9-pdu-sw01.vmware.com, ,,,00:19:55:37:D6:AA,FastEthernet1/0/38,0,0,,0,0,10000000,,,,,,"",00195537D6AA,Up,Down,,,,,,
2203318229753,2905,-1,CIM_NetworkAdapter,5180,CIM_ComputerSystem,sc9-pdu-sw01.vmware.com, ,,,"",StackSub-St1-1,,,,,,0,,,,,,"","",Up,Down,,,,,,
2203318229654,2886,-1,CIM_NetworkAdapter,10001,CIM_ComputerSystem,sc9-pdu-sw03.vmware.com, ,,,00:21:A1:82:B5:83,FastEthernet1/0/1,0,0,,0,0,10000000,,,,,,"",0021A182B583,Up,Down,,,,,,
2203318229655,2886,-1,CIM_NetworkAdapter,5180,CIM_ComputerSystem,sc9-pdu-sw03.vmware.com, ,,,"",StackSub-St1-1,,,,,,0,,,,,,"","",Up,Down,,,,,,
2203318229734,2886,-1,CIM_NetworkAdapter,10048,CIM_ComputerSystem,sc9-pdu-sw03.vmware.com, ,,,00:21:A1:82:B5:B4,FastEthernet1/0/48,0,0,,1433199609,3998422531,100000000,,,,,,"",0021A182B5B4,Up,Up,,,,,,
2203318229730,2886,-1,CIM_NetworkAdapter,10044,CIM_ComputerSystem,sc9-pdu-sw03.vmware.com, ,,,00:21:A1:82:B5:B0,FastEthernet1/0/44,0,0,,3974411242,27247540,10000000,,,,,,"",0021A182B5B0,Up,Up,,,,,,
2203318229648,2886,-1,CIM_NetworkAdapter,1,CIM_ComputerSystem,sc9-pdu-sw03.vmware.com, ,,,00:21:A1:82:B5:C0,Vlan1,0,0,,0,0,1000000000,,,,,,"",0021A182B5C0,Up,Down,,,,,,
2203318229658,2886,-1,CIM_NetworkAdapter,5181,CIM_ComputerSystem,sc9-pdu-sw03.vmware.com, ,,,"",StackSub-St1-2,,,,,,0,,,,,,"","",Up,Down,,,,,,
2203318229715,2886,-1,CIM_NetworkAdapter,10031,CIM_ComputerSystem,sc9-pdu-sw03.vmware.com, ,,,00:21:A1:82:B5:A3,FastEthernet1/0/31,0,0,,0,0,10000000,,,,,,"",0021A182B5A3,Up,Down,,,,,,
2203318229767,2905,-1,CIM_NetworkAdapter,10014,CIM_ComputerSystem,sc9-pdu-sw01.vmware.com, ,,,00:19:55:37:D6:90,FastEthernet1/0/14,0,0,,3972630254,28391073,10000000,,,,,,"",00195537D690,Up,Up,,,,,,
2203318229787,2905,-1,CIM_NetworkAdapter,10034,CIM_ComputerSystem,sc9-pdu-sw01.vmware.com, ,,,00:19:55:37:D6:A6,FastEthernet1/0/34,0,0,,0,0,10000000,,,,,,"",00195537D6A6,Up,Down,,,,,,
2203318229657,2886,-1,CIM_NetworkAdapter,10002,CIM_ComputerSystem,sc9-pdu-sw03.vmware.com, ,,,00:21:A1:82:B5:84,FastEthernet1/0/2,0,0,,3975191032,28004503,10000000,,,,,,"",0021A182B584,Up,Up,,,,,,
2203318229668,2886,-1,CIM_NetworkAdapter,10007,CIM_ComputerSystem,sc9-pdu-sw03.vmware.com, ,,,00:21:A1:82:B5:89,FastEthernet1/0/7,0,0,,3948412995,0,10000000,,,,,,"",0021A182B589,Up,Up,,,,,,
2203318229746,3843,-1,CIM_NetworkAdapter,1,CIM_ComputerSystem,sc9-bm.026-pdu-red-n12.vmware.com, ,0,,00:19:85:00:8F:1E,eth0,0,0,,0,0,10000000,255.255.248.0,,,,,"",001985008F1E,Up,Up,,,,,,
2203318229681,2886,-1,CIM_NetworkAdapter,10013,CIM_ComputerSystem,sc9-pdu-sw03.vmware.com, ,,,00:21:A1:82:B5:8F,FastEthernet1/0/13,0,0,,3974777936,27472851,10000000,,,,,,"",0021A182B58F,Up,Up,,,,,,
2203318229709,2886,-1,CIM_NetworkAdapter,10027,CIM_ComputerSystem,sc9-pdu-sw03.vmware.com, ,,,00:21:A1:82:B5:9F,FastEthernet1/0/27,0,0,,0,0,10000000,,,,,,"",0021A182B59F,Up,Down,,,,,,
2203318229713,2886,-1,CIM_NetworkAdapter,10029,CIM_ComputerSystem,sc9-pdu-sw03.vmware.com, ,,,00:21:A1:82:B5:A1,FastEthernet1/0/29,0,0,,0,0,10000000,,,,,,"",0021A182B5A1,Up,Down,,,,,,
2203318229728,2886,-1,CIM_NetworkAdapter,10042,CIM_ComputerSystem,sc9-pdu-sw03.vmware.com, ,,,00:21:A1:82:B5:AE,FastEthernet1/0/42,0,0,,3975079866,28012549,10000000,,,,,,"",0021A182B5AE,Up,Up,,,,,,
2203318229677,2886,-1,CIM_NetworkAdapter,10011,CIM_ComputerSystem,sc9-pdu-sw03.vmware.com, ,,,00:21:A1:82:B5:8D,FastEthernet1/0/11,0,0,,3975549324,28379630,10000000,,,,,,"",0021A182B58D,Up,Up,,,,,,
2203318229719,2886,-1,CIM_NetworkAdapter,10035,CIM_ComputerSystem,sc9-pdu-sw03.vmware.com, ,,,00:21:A1:82:B5:A7,FastEthernet1/0/35,0,0,,0,0,10000000,,,,,,"",0021A182B5A7,Up,Down,,,,,,
2203318229685,2886,-1,CIM_NetworkAdapter,10015,CIM_ComputerSystem,sc9-pdu-sw03.vmware.com, ,,,00:21:A1:82:B5:91,FastEthernet1/0/15,0,0,,3975230497,28030406,10000000,,,,,,"",0021A182B591,Up,Up,,,,,,
2203318229742,3846,-1,CIM_NetworkAdapter,1,CIM_ComputerSystem,sc9-bm.026-pdu-pri-f08.vmware.com, ,0,,00:19:85:00:8F:13,eth0,0,0,,0,0,10000000,255.255.248.0,,,,,"",001985008F13,Up,Up,,,,,,
2203318229754,2905,-1,CIM_NetworkAdapter,10002,CIM_ComputerSystem,sc9-pdu-sw01.vmware.com, ,,,00:19:55:37:D6:84,FastEthernet1/0/2,0,0,,3972550948,28302505,10000000,,,,,,"",00195537D684,Up,Up,,,,,,
2203318229772,2905,-1,CIM_NetworkAdapter,10019,CIM_ComputerSystem,sc9-pdu-sw01.vmware.com, ,,,00:19:55:37:D6:95,FastEthernet1/0/19,0,0,,3971534312,27130603,10000000,,,,,,"",00195537D695,Up,Up,,,,,,
2203318229792,2905,-1,CIM_NetworkAdapter,10039,CIM_ComputerSystem,sc9-pdu-sw01.vmware.com, ,,,00:19:55:37:D6:AB,FastEthernet1/0/39,0,0,,0,0,10000000,,,,,,"",00195537D6AB,Up,Down,,,,,,
2203318229760,2905,-1,CIM_NetworkAdapter,10007,CIM_ComputerSystem,sc9-pdu-sw01.vmware.com, ,,,00:19:55:37:D6:89,FastEthernet1/0/7,0,0,,3972658830,28463126,10000000,,,,,,"",00195537D689,Up,Up,,,,,,
2203318229773,2905,-1,CIM_NetworkAdapter,10020,CIM_ComputerSystem,sc9-pdu-sw01.vmware.com, ,,,00:19:55:37:D6:96,FastEthernet1/0/20,0,0,,3971785523,27399409,10000000,,,,,,"",00195537D696,Up,Up,,,,,,
2203318229793,2905,-1,CIM_NetworkAdapter,10040,CIM_ComputerSystem,sc9-pdu-sw01.vmware.com, ,,,00:19:55:37:D6:AC,FastEthernet1/0/40,0,0,,0,0,10000000,,,,,,"",00195537D6AC,Up,Down,,,,,,
2203318229770,2905,-1,CIM_NetworkAdapter,10017,CIM_ComputerSystem,sc9-pdu-sw01.vmware.com, ,,,00:19:55:37:D6:93,FastEthernet1/0/17,0,0,,3971791387,27401534,10000000,,,,,,"",00195537D693,Up,Up,,,,,,
2203318229749,2905,-1,CIM_NetworkAdapter,1,CIM_ComputerSystem,sc9-pdu-sw01.vmware.com, ,,,00:19:55:37:D6:C0,Vlan1,0,0,,0,0,1000000000,,,,,,"",00195537D6C0,Down,Down,,,,,,
2203318229775,2905,-1,CIM_NetworkAdapter,10022,CIM_ComputerSystem,sc9-pdu-sw01.vmware.com, ,,,00:19:55:37:D6:98,FastEthernet1/0/22,0,0,,3965537891,21106147,10000000,,,,,,"",00195537D698,Up,Up,,,,,,
2203318229777,2905,-1,CIM_NetworkAdapter,10024,CIM_ComputerSystem,sc9-pdu-sw01.vmware.com, ,,,00:19:55:37:D6:9A,FastEthernet1/0/24,0,0,,3965407990,21047092,10000000,,,,,,"",00195537D69A,Up,Up,,,,,,
2203318229795,2905,-1,CIM_NetworkAdapter,10042,CIM_ComputerSystem,sc9-pdu-sw01.vmware.com, ,,,00:19:55:37:D6:AE,FastEthernet1/0/42,0,0,,0,0,10000000,,,,,,"",00195537D6AE,Up,Down,,,,,,
2203318229755,2905,-1,CIM_NetworkAdapter,5181,CIM_ComputerSystem,sc9-pdu-sw01.vmware.com, ,,,"",StackSub-St1-2,,,,,,0,,,,,,"","",Up,Down,,,,,,
2203318229761,2905,-1,CIM_NetworkAdapter,10008,CIM_ComputerSystem,sc9-pdu-sw01.vmware.com, ,,,00:19:55:37:D6:8A,FastEthernet1/0/8,0,0,,3972572186,28364603,10000000,,,,,,"",00195537D68A,Up,Up,,,,,,
2203318229778,2905,-1,CIM_NetworkAdapter,10025,CIM_ComputerSystem,sc9-pdu-sw01.vmware.com, ,,,00:19:55:37:D6:9D,FastEthernet1/0/25,0,0,,3965564052,21230980,10000000,,,,,,"",00195537D69D,Up,Up,,,,,,
2203318229780,2905,-1,CIM_NetworkAdapter,10027,CIM_ComputerSystem,sc9-pdu-sw01.vmware.com, ,,,00:19:55:37:D6:9F,FastEthernet1/0/27,0,0,,0,0,10000000,,,,,,"",00195537D69F,Up,Down,,,,,,
2203318229800,2905,-1,CIM_NetworkAdapter,10047,CIM_ComputerSystem,sc9-pdu-sw01.vmware.com, ,,,00:19:55:37:D6:B3,FastEthernet1/0/47,0,0,,0,0,10000000,,,,,,"",00195537D6B3,Up,Down,,,,,,
2203318229752,2905,-1,CIM_NetworkAdapter,10001,CIM_ComputerSystem,sc9-pdu-sw01.vmware.com, ,,,00:19:55:37:D6:83,FastEthernet1/0/1,0,0,,3972028317,27701367,10000000,,,,,,"",00195537D683,Up,Up,,,,,,
2203318229776,2905,-1,CIM_NetworkAdapter,10023,CIM_ComputerSystem,sc9-pdu-sw01.vmware.com, ,,,00:19:55:37:D6:99,FastEthernet1/0/23,0,0,,3965145216,20754222,10000000,,,,,,"",00195537D699,Up,Up,,,,,,
2203318229796,2905,-1,CIM_NetworkAdapter,10043,CIM_ComputerSystem,sc9-pdu-sw01.vmware.com, ,,,00:19:55:37:D6:AF,FastEthernet1/0/43,0,0,,0,0,10000000,,,,,,"",00195537D6AF,Up,Down,,,,,,
2203318229756,2905,-1,CIM_NetworkAdapter,10003,CIM_ComputerSystem,sc9-pdu-sw01.vmware.com, ,,,00:19:55:37:D6:85,FastEthernet1/0/3,0,0,,3972605231,28359591,10000000,,,,,,"",00195537D685,Up,Up,,,,,,
2203318229759,2905,-1,CIM_NetworkAdapter,10006,CIM_ComputerSystem,sc9-pdu-sw01.vmware.com, ,,,00:19:55:37:D6:88,FastEthernet1/0/6,0,0,,3972713227,28498483,10000000,,,,,,"",00195537D688,Up,Up,,,,,,
2203318229779,2905,-1,CIM_NetworkAdapter,10026,CIM_ComputerSystem,sc9-pdu-sw01.vmware.com, ,,,00:19:55:37:D6:9E,FastEthernet1/0/26,0,0,,3965448448,21100268,10000000,,,,,,"",00195537D69E,Up,Up,,,,,,
2203318229799,2905,-1,CIM_NetworkAdapter,10046,CIM_ComputerSystem,sc9-pdu-sw01.vmware.com, ,,,00:19:55:37:D6:B2,FastEthernet1/0/46,0,0,,0,0,10000000,,,,,,"",00195537D6B2,Up,Down,,,,,,
2203318229765,2905,-1,CIM_NetworkAdapter,10012,CIM_ComputerSystem,sc9-pdu-sw01.vmware.com, ,,,00:19:55:37:D6:8E,FastEthernet1/0/12,0,0,,3972327248,28049590,10000000,,,,,,"",00195537D68E,Up,Up,,,,,,
2203318229769,2905,-1,CIM_NetworkAdapter,10016,CIM_ComputerSystem,sc9-pdu-sw01.vmware.com, ,,,00:19:55:37:D6:92,FastEthernet1/0/16,1,0,,3972629350,28383963,10000000,,,,,,"",00195537D692,Up,Up,,,,,,
2203318229781,2905,-1,CIM_NetworkAdapter,10028,CIM_ComputerSystem,sc9-pdu-sw01.vmware.com, ,,,00:19:55:37:D6:A0,FastEthernet1/0/28,0,0,,0,0,10000000,,,,,,"",00195537D6A0,Up,Down,,,,,,
2203318229801,2905,-1,CIM_NetworkAdapter,10048,CIM_ComputerSystem,sc9-pdu-sw01.vmware.com, ,,,00:19:55:37:D6:B4,FastEthernet1/0/48,0,0,,1217550837,3790811456,100000000,,,,,,"",00195537D6B4,Up,Up,,,,,,
2203318229786,2905,-1,CIM_NetworkAdapter,10033,CIM_ComputerSystem,sc9-pdu-sw01.vmware.com, ,,,00:19:55:37:D6:A5,FastEthernet1/0/33,0,0,,0,0,10000000,,,,,,"",00195537D6A5,Up,Down,,,,,,
2203318229804,2905,-1,CIM_NetworkAdapter,10103,CIM_ComputerSystem,sc9-pdu-sw01.vmware.com, ,,,00:19:55:37:D6:9B,GigabitEthernet1/0/3,0,0,,0,0,10000000,,,,,,"",00195537D69B,Up,Down,,,,,,
2203318229783,2905,-1,CIM_NetworkAdapter,10030,CIM_ComputerSystem,sc9-pdu-sw01.vmware.com, ,,,00:19:55:37:D6:A2,FastEthernet1/0/30,0,0,,0,0,10000000,,,,,,"",00195537D6A2,Up,Down,,,,,,
2203318229757,2905,-1,CIM_NetworkAdapter,10004,CIM_ComputerSystem,sc9-pdu-sw01.vmware.com, ,,,00:19:55:37:D6:86,FastEthernet1/0/4,2,0,,3972277606,28009041,10000000,,,,,,"",00195537D686,Up,Up,,,,,,
2203318229782,2905,-1,CIM_NetworkAdapter,10029,CIM_ComputerSystem,sc9-pdu-sw01.vmware.com, ,,,00:19:55:37:D6:A1,FastEthernet1/0/29,0,0,,0,0,10000000,,,,,,"",00195537D6A1,Up,Down,,,,,,
2203318229798,2905,-1,CIM_NetworkAdapter,10045,CIM_ComputerSystem,sc9-pdu-sw01.vmware.com, ,,,00:19:55:37:D6:B1,FastEthernet1/0/45,0,0,,0,0,10000000,,,,,,"",00195537D6B1,Up,Down,,,,,,
2203318229762,2905,-1,CIM_NetworkAdapter,10009,CIM_ComputerSystem,sc9-pdu-sw01.vmware.com, ,,,00:19:55:37:D6:8B,FastEthernet1/0/9,0,0,,3972589200,28387646,10000000,,,,,,"",00195537D68B,Up,Up,,,,,,
2203318229789,2905,-1,CIM_NetworkAdapter,10036,CIM_ComputerSystem,sc9-pdu-sw01.vmware.com, ,,,00:19:55:37:D6:A8,FastEthernet1/0/36,0,0,,0,0,10000000,,,,,,"",00195537D6A8,Up,Down,,,,,,
2203318229774,2905,-1,CIM_NetworkAdapter,10021,CIM_ComputerSystem,sc9-pdu-sw01.vmware.com, ,,,00:19:55:37:D6:97,FastEthernet1/0/21,0,0,,3965597190,21173855,10000000,,,,,,"",00195537D697,Up,Up,,,,,,
2203318229794,2905,-1,CIM_NetworkAdapter,10041,CIM_ComputerSystem,sc9-pdu-sw01.vmware.com, ,,,00:19:55:37:D6:AD,FastEthernet1/0/41,0,0,,0,0,10000000,,,,,,"",00195537D6AD,Up,Down,,,,,,
2203318229788,2905,-1,CIM_NetworkAdapter,10035,CIM_ComputerSystem,sc9-pdu-sw01.vmware.com, ,,,00:19:55:37:D6:A7,FastEthernet1/0/35,0,0,,0,0,10000000,,,,,,"",00195537D6A7,Up,Down,,,,,,
2203318229763,2905,-1,CIM_NetworkAdapter,10010,CIM_ComputerSystem,sc9-pdu-sw01.vmware.com, ,,,00:19:55:37:D6:8C,FastEthernet1/0/10,0,0,,3972293196,27984614,10000000,,,,,,"",00195537D68C,Up,Up,,,,,,
2203318229797,2905,-1,CIM_NetworkAdapter,10044,CIM_ComputerSystem,sc9-pdu-sw01.vmware.com, ,,,00:19:55:37:D6:B0,FastEthernet1/0/44,0,0,,0,0,10000000,,,,,,"",00195537D6B0,Up,Down,,,,,,
2203318229758,2905,-1,CIM_NetworkAdapter,10005,CIM_ComputerSystem,sc9-pdu-sw01.vmware.com, ,,,00:19:55:37:D6:87,FastEthernet1/0/5,0,0,,3972684281,28472771,10000000,,,,,,"",00195537D687,Up,Up,,,,,,
2203318229802,2905,-1,CIM_NetworkAdapter,10101,CIM_ComputerSystem,sc9-pdu-sw01.vmware.com, ,,,00:19:55:37:D6:81,GigabitEthernet1/0/1,0,0,,0,0,10000000,,,,,,"",00195537D681,Up,Down,,,,,,
2203318229764,2905,-1,CIM_NetworkAdapter,10011,CIM_ComputerSystem,sc9-pdu-sw01.vmware.com, ,,,00:19:55:37:D6:8D,FastEthernet1/0/11,0,0,,3972316552,28014900,10000000,,,,,,"",00195537D68D,Up,Up,,,,,,
2203318229785,2905,-1,CIM_NetworkAdapter,10032,CIM_ComputerSystem,sc9-pdu-sw01.vmware.com, ,,,00:19:55:37:D6:A4,FastEthernet1/0/32,0,0,,0,0,10000000,,,,,,"",00195537D6A4,Up,Down,,,,,,
2203318229803,2905,-1,CIM_NetworkAdapter,10102,CIM_ComputerSystem,sc9-pdu-sw01.vmware.com, ,,,00:19:55:37:D6:82,GigabitEthernet1/0/2,0,0,,0,0,10000000,,,,,,"",00195537D682,Up,Down,,,,,,
2203318229790,2905,-1,CIM_NetworkAdapter,10037,CIM_ComputerSystem,sc9-pdu-sw01.vmware.com, ,,,00:19:55:37:D6:A9,FastEthernet1/0/37,0,0,,0,0,10000000,,,,,,"",00195537D6A9,Up,Down,,,,,,
2203318229750,2905,-1,CIM_NetworkAdapter,3461,CIM_ComputerSystem,sc9-pdu-sw01.vmware.com, ,10.113.195.198,,00:19:55:37:D6:C1,Vlan3461,0,0,,432119950,821006723,1000000000,255.255.248.0,,,,,"",00195537D6C1,Up,Up,,,,,,
2203318229766,2905,-1,CIM_NetworkAdapter,10013,CIM_ComputerSystem,sc9-pdu-sw01.vmware.com, ,,,00:19:55:37:D6:8F,FastEthernet1/0/13,0,0,,3971505800,27124769,10000000,,,,,,"",00195537D68F,Up,Up,,,,,,
2203318229784,2905,-1,CIM_NetworkAdapter,10031,CIM_ComputerSystem,sc9-pdu-sw01.vmware.com, ,,,00:19:55:37:D6:A3,FastEthernet1/0/31,0,0,,0,0,10000000,,,,,,"",00195537D6A3,Up,Down,,,,,,
2203318229805,2905,-1,CIM_NetworkAdapter,10104,CIM_ComputerSystem,sc9-pdu-sw01.vmware.com, ,,,,,0,0,,0,0,,,,,,,"","",,,,,,,,
2203318229751,2905,-1,CIM_NetworkAdapter,5179,CIM_ComputerSystem,sc9-pdu-sw01.vmware.com, ,,,"",StackPort1,0,0,,0,0,0,,,,,,"","",Up,Down,,,,,,
