devicekey,devicename,description,ipaddress,macaddress,inputerrors,outputerrors,speed,ipv6address,duplex,fullduplex,interfacename,subnetmask,broadcastaddress,interfacestate,dhcpenabled,iplongvalue,snapshotid,operationalstatus,protocoltype,maxdatasize,porttype,manufacturer
1,oacentral,lo,127.0.0.1,"",0,0,10000000,,"",, ,255.0.0.0,,,,,-1,,,,,
1,oacentral,sit0,,"",0,0,0,,"",, ,,,,,,-1,,,,,
1,oacentral,eth0,10.130.45.0,00:50:56:98:01:85,0,0,1000000000,,"",, ,255.255.252.0,,,,,-1,,,,,
3,s2-uat-portal-9,sit0,,"",0,0,0,,"",, ,,,,,,-1,,,,,
3,s2-uat-portal-9,lo,127.0.0.1,"",0,0,10000000,,"",, ,255.0.0.0,,,,,-1,,,,,
3,s2-uat-portal-9,eth0,10.130.45.3,00:50:56:98:00:FA,0,0,1000000000,,"",, ,255.255.252.0,,,,,-1,,,,,
4,s2-uat-portal-7,sit0,,"",0,0,0,,"",, ,,,,,,-1,,,,,
4,s2-uat-portal-7,lo,127.0.0.1,"",0,0,10000000,,"",, ,255.0.0.0,,,,,-1,,,,,
4,s2-uat-portal-7,eth0,10.130.45.1,00:50:56:98:00:F8,0,0,1000000000,,"",, ,255.255.252.0,,,,,-1,,,,,
10,s2-uat-portal-8,sit0,,"",0,0,0,,"",, ,,,,,,-1,,,,,
10,s2-uat-portal-8,lo,127.0.0.1,"",0,0,10000000,,"",, ,255.0.0.0,,,,,-1,,,,,
10,s2-uat-portal-8,eth0,10.130.45.2,00:50:56:98:00:F9,0,0,1000000000,,"",, ,255.255.252.0,,,,,-1,,,,,
11,s2-uat-portal-10,sit0,,"",0,0,0,,"",, ,,,,,,-1,,,,,
11,s2-uat-portal-10,lo,127.0.0.1,"",0,0,10000000,,"",, ,255.0.0.0,,,,,-1,,,,,
11,s2-uat-portal-10,eth0,10.130.45.4,00:50:56:98:00:FB,0,0,1000000000,,"",, ,255.255.252.0,,,,,-1,,,,,
13,s2-uat-lrp-4,sit0,,"",0,0,0,,"",, ,,,,,,-1,,,,,
13,s2-uat-lrp-4,lo,127.0.0.1,"",0,0,10000000,,"",, ,255.0.0.0,,,,,-1,,,,,
13,s2-uat-lrp-4,eth0,10.130.45.24,00:50:56:98:01:82,0,0,1000000000,,"",, ,255.255.252.0,,,,,-1,,,,,
16,s2-uat-lrp-1,sit0,,"",0,0,0,,"",, ,,,,,,-1,,,,,
16,s2-uat-lrp-1,lo,127.0.0.1,"",0,0,10000000,,"",, ,255.0.0.0,,,,,-1,,,,,
16,s2-uat-lrp-1,eth0,10.130.45.21,00:50:56:98:5A:A0,3,0,1000000000,,"",, ,255.255.252.0,,,,,-1,,,,,
17,s2-uat-hhq-2,sit0,,"",0,0,0,,"",, ,,,,,,-1,,,,,
17,s2-uat-hhq-2,lo,127.0.0.1,"",0,0,10000000,,"",, ,255.0.0.0,,,,,-1,,,,,
17,s2-uat-hhq-2,eth0,10.130.45.20,00:50:56:98:01:7E,0,0,1000000000,,"",, ,255.255.252.0,,,,,-1,,,,,
18,s2-uat-lrp-2,lo,127.0.0.1,"",0,0,10000000,,"",, ,255.0.0.0,,,,,-1,,,,,
18,s2-uat-lrp-2,sit0,,"",0,0,0,,"",, ,,,,,,-1,,,,,
18,s2-uat-lrp-2,eth0,10.130.45.22,00:50:56:98:01:80,0,0,1000000000,,"",, ,255.255.252.0,,,,,-1,,,,,
19,s2-uat-lrp-3,sit0,,"",0,0,0,,"",, ,,,,,,-1,,,,,
19,s2-uat-lrp-3,lo,127.0.0.1,"",0,0,10000000,,"",, ,255.0.0.0,,,,,-1,,,,,
19,s2-uat-lrp-3,eth0,10.130.45.23,00:50:56:98:01:81,0,0,1000000000,,"",, ,255.255.252.0,,,,,-1,,,,,
922,osdc-mc1-d1-oa1b,lo,127.0.0.1,"",0,0,10000000,,"",, ,255.0.0.0,,,,,-1,,,,,
922,osdc-mc1-d1-oa1b,tunl0,,"",0,0,0,,"",, ,,,,,,-1,,,,,
922,osdc-mc1-d1-oa1b,teql0,,"",0,0,0,,"",, ,,,,,,-1,,,,,
922,osdc-mc1-d1-oa1b,elinkbr,169.254.1.157,00:1B:78:E4:1A:8C,0,0,10000000,,"",, ,255.255.0.0,,,,,-1,,,,,
922,osdc-mc1-d1-oa1b,eth2,,00:1B:78:E4:1A:8C,0,0,10000000,,"",, ,,,,,,-1,,,,,
922,osdc-mc1-d1-oa1b,eth3,,00:1B:78:E4:4A:89,0,0,10000000,,"",, ,,,,,,-1,,,,,
922,osdc-mc1-d1-oa1b,eth0,169.254.0.1,00:1C:C4:14:F8:E4,0,0,10000000,,"",, ,255.255.255.0,,,,,-1,,,,,
922,osdc-mc1-d1-oa1b,eth1,10.16.25.16,00:1C:C4:14:F8:E5,0,0,10000000,,"",, ,255.255.254.0,,,,,-1,,,,,
922,osdc-mc1-d1-oa1b,udogbr,,00:1C:C4:14:F8:E5,0,0,10000000,,"",, ,,,,,,-1,,,,,
924,osdc-mc1-d1-oa1a,tunl0,,"",0,0,0,,"",, ,,,,,,-1,,,,,
924,osdc-mc1-d1-oa1a,lo,127.0.0.1,"",0,0,10000000,,"",, ,255.0.0.0,,,,,-1,,,,,
924,osdc-mc1-d1-oa1a,teql0,,"",0,0,0,,"",, ,,,,,,-1,,,,,
924,osdc-mc1-d1-oa1a,elinkbr,169.254.1.157,00:1B:78:E4:1A:8C,0,0,10000000,,"",, ,255.255.0.0,,,,,-1,,,,,
924,osdc-mc1-d1-oa1a,eth2,,00:1B:78:E4:1A:8C,0,0,10000000,,"",, ,,,,,,-1,,,,,
924,osdc-mc1-d1-oa1a,eth3,,00:1B:78:E4:4A:89,0,0,10000000,,"",, ,,,,,,-1,,,,,
924,osdc-mc1-d1-oa1a,eth0,169.254.0.1,00:1C:C4:14:F8:E4,0,0,10000000,,"",, ,255.255.255.0,,,,,-1,,,,,
924,osdc-mc1-d1-oa1a,udogbr,,00:1C:C4:14:F8:E5,0,0,10000000,,"",, ,,,,,,-1,,,,,
924,osdc-mc1-d1-oa1a,eth1,10.16.25.16,00:1C:C4:14:F8:E5,0,0,10000000,,"",, ,255.255.254.0,,,,,-1,,,,,
933,osdc-mc1d05-3020-sw1,Null0,,"",0,0,4294967295,,"",, ,,,,,,-1,,,,,
933,osdc-mc1d05-3020-sw1,Port-channel7,,00:00:00:00:00:00,0,0,10000000,,"",, ,,,,,,-1,,,,,
933,osdc-mc1d05-3020-sw1,GigabitEthernet0/1,,00:1D:E6:0D:4C:01,0,0,1000000000,,"",, ,,,,,,-1,,,,,
933,osdc-mc1d05-3020-sw1,GigabitEthernet0/2,,00:1D:E6:0D:4C:02,0,0,1000000000,,"",, ,,,,,,-1,,,,,
933,osdc-mc1d05-3020-sw1,GigabitEthernet0/3,,00:1D:E6:0D:4C:03,0,0,1000000000,,"",, ,,,,,,-1,,,,,
933,osdc-mc1d05-3020-sw1,GigabitEthernet0/4,,00:1D:E6:0D:4C:04,0,0,1000000000,,"",, ,,,,,,-1,,,,,
933,osdc-mc1d05-3020-sw1,GigabitEthernet0/5,,00:1D:E6:0D:4C:05,0,0,1000000000,,"",, ,,,,,,-1,,,,,
933,osdc-mc1d05-3020-sw1,GigabitEthernet0/6,,00:1D:E6:0D:4C:06,0,0,1000000000,,"",, ,,,,,,-1,,,,,
933,osdc-mc1d05-3020-sw1,GigabitEthernet0/7,,00:1D:E6:0D:4C:07,0,0,1000000000,,"",, ,,,,,,-1,,,,,
933,osdc-mc1d05-3020-sw1,GigabitEthernet0/8,,00:1D:E6:0D:4C:08,0,0,1000000000,,"",, ,,,,,,-1,,,,,
933,osdc-mc1d05-3020-sw1,GigabitEthernet0/9,,00:1D:E6:0D:4C:09,0,0,1000000000,,"",, ,,,,,,-1,,,,,
933,osdc-mc1d05-3020-sw1,GigabitEthernet0/10,,00:1D:E6:0D:4C:0A,0,0,1000000000,,"",, ,,,,,,-1,,,,,
933,osdc-mc1d05-3020-sw1,GigabitEthernet0/11,,00:1D:E6:0D:4C:0B,0,0,1000000000,,"",, ,,,,,,-1,,,,,
933,osdc-mc1d05-3020-sw1,GigabitEthernet0/12,,00:1D:E6:0D:4C:0C,0,0,1000000000,,"",, ,,,,,,-1,,,,,
933,osdc-mc1d05-3020-sw1,GigabitEthernet0/13,,00:1D:E6:0D:4C:0D,0,0,1000000000,,"",, ,,,,,,-1,,,,,
933,osdc-mc1d05-3020-sw1,GigabitEthernet0/14,,00:1D:E6:0D:4C:0E,0,0,1000000000,,"",, ,,,,,,-1,,,,,
933,osdc-mc1d05-3020-sw1,GigabitEthernet0/15,,00:1D:E6:0D:4C:0F,0,0,1000000000,,"",, ,,,,,,-1,,,,,
933,osdc-mc1d05-3020-sw1,GigabitEthernet0/16,,00:1D:E6:0D:4C:10,0,0,1000000000,,"",, ,,,,,,-1,,,,,
933,osdc-mc1d05-3020-sw1,GigabitEthernet0/17,,00:1D:E6:0D:4C:11,0,0,10000000,,"",, ,,,,,,-1,,,,,
933,osdc-mc1d05-3020-sw1,GigabitEthernet0/18,,00:1D:E6:0D:4C:12,0,0,10000000,,"",, ,,,,,,-1,,,,,
933,osdc-mc1d05-3020-sw1,Port-channel1,,00:1D:E6:0D:4C:13,0,0,2000000000,,"",, ,,,,,,-1,,,,,
933,osdc-mc1d05-3020-sw1,GigabitEthernet0/19,,00:1D:E6:0D:4C:13,0,0,1000000000,,"",, ,,,,,,-1,,,,,
933,osdc-mc1d05-3020-sw1,GigabitEthernet0/20,,00:1D:E6:0D:4C:14,0,0,1000000000,,"",, ,,,,,,-1,,,,,
933,osdc-mc1d05-3020-sw1,GigabitEthernet0/21,,00:1D:E6:0D:4C:15,0,0,10000000,,"",, ,,,,,,-1,,,,,
933,osdc-mc1d05-3020-sw1,GigabitEthernet0/22,,00:1D:E6:0D:4C:16,0,0,10000000,,"",, ,,,,,,-1,,,,,
933,osdc-mc1d05-3020-sw1,GigabitEthernet0/23,,00:1D:E6:0D:4C:17,0,0,10000000,,"",, ,,,,,,-1,,,,,
933,osdc-mc1d05-3020-sw1,GigabitEthernet0/24,,00:1D:E6:0D:4C:18,0,0,10000000,,"",, ,,,,,,-1,,,,,
933,osdc-mc1d05-3020-sw1,FastEthernet0,,00:1D:E6:0D:4C:37,0,0,100000000,,"",, ,,,,,,-1,,,,,
933,osdc-mc1d05-3020-sw1,Vlan1,,00:1D:E6:0D:4C:40,0,0,1000000000,,"",, ,,,,,,-1,,,,,
933,osdc-mc1d05-3020-sw1,Vlan24,10.16.25.21,00:1D:E6:0D:4C:41,0,0,1000000000,,"",, ,255.255.254.0,,,,,-1,,,,,
994,osdc-mc1-f5-oa1a,ip6tnl0,,"",0,0,0,,"",, ,,,,,,-1,,,,,
994,osdc-mc1-f5-oa1a,sit0,,"",0,0,0,,"",, ,,,,,,-1,,,,,
994,osdc-mc1-f5-oa1a,teql0,,"",0,0,0,,"",, ,,,,,,-1,,,,,
994,osdc-mc1-f5-oa1a,lo,127.0.0.1,"",0,0,10000000,,"",, ,255.0.0.0,,,,,-1,,,,,
994,osdc-mc1-f5-oa1a,eth3,,00:1B:78:E4:4A:BF,0,0,10000000,,"",, ,,,,,,-1,,,,,
994,osdc-mc1-f5-oa1a,elinkbr,169.254.1.120,00:1B:78:E4:4A:BF,0,0,10000000,,"",, ,255.255.0.0,,,,,-1,,,,,
994,osdc-mc1-f5-oa1a,eth2,,00:1B:78:E4:F9:FC,0,0,10000000,,"",, ,,,,,,-1,,,,,
994,osdc-mc1-f5-oa1a,eth0,169.254.0.1,00:1C:C4:14:C8:8E,0,0,100000000,,"",, ,255.255.255.0,,,,,-1,,,,,
994,osdc-mc1-f5-oa1a,eth1,10.16.25.17,00:1C:C4:14:C8:8F,1,0,100000000,,"",, ,255.255.254.0,,,,,-1,,,,,
994,osdc-mc1-f5-oa1a,udogbr,,00:1C:C4:14:C8:8F,0,0,10000000,,"",, ,,,,,,-1,,,,,
996,osdc-mc1-f5-oa1b,teql0,,"",0,0,0,,"",, ,,,,,,-1,,,,,
996,osdc-mc1-f5-oa1b,ip6tnl0,,"",0,0,0,,"",, ,,,,,,-1,,,,,
996,osdc-mc1-f5-oa1b,lo,127.0.0.1,"",0,0,10000000,,"",, ,255.0.0.0,,,,,-1,,,,,
996,osdc-mc1-f5-oa1b,sit0,,"",0,0,0,,"",, ,,,,,,-1,,,,,
996,osdc-mc1-f5-oa1b,eth3,,00:1B:78:E4:4A:BF,0,0,10000000,,"",, ,,,,,,-1,,,,,
996,osdc-mc1-f5-oa1b,elinkbr,169.254.1.120,00:1B:78:E4:4A:BF,0,0,10000000,,"",, ,255.255.0.0,,,,,-1,,,,,
996,osdc-mc1-f5-oa1b,eth2,,00:1B:78:E4:F9:FC,0,0,10000000,,"",, ,,,,,,-1,,,,,
996,osdc-mc1-f5-oa1b,eth0,169.254.0.1,00:1C:C4:14:C8:8E,0,0,100000000,,"",, ,255.255.255.0,,,,,-1,,,,,
996,osdc-mc1-f5-oa1b,udogbr,,00:1C:C4:14:C8:8F,0,0,10000000,,"",, ,,,,,,-1,,,,,
996,osdc-mc1-f5-oa1b,eth1,10.16.25.17,00:1C:C4:14:C8:8F,1,0,100000000,,"",, ,255.255.254.0,,,,,-1,,,,,
1060,parootdc06-ilo,HP Network Team #1,10.16.45.209,00:1E:0B:1F:04:52,0,0,2000000000,,"",, ,255.255.255.0,,,,,-1,,,,,
1161,avamar2tape-ilo,HP NC324i PCIe Dual Port Gigabit Server Adapter,10.16.67.249,00:1F:29:13:81:D2,0,0,1000000000,,"",, ,255.255.255.0,,,,,-1,,,,,
1161,avamar2tape-ilo,VMware Virtual Ethernet Adapter for VMnet1,192.168.126.1,00:50:56:C0:00:01,0,0,100000000,,"",, ,255.255.255.0,,,,,-1,,,,,
1161,avamar2tape-ilo,VMware Virtual Ethernet Adapter for VMnet8,192.168.145.1,00:50:56:C0:00:08,0,0,100000000,,"",, ,255.255.255.0,,,,,-1,,,,,
1285,sc9-l06-oa1b,ip6tnl0,,"",0,0,0,,"",, ,,,,,,-1,,,,,
1285,sc9-l06-oa1b,teql0,,"",0,0,0,,"",, ,,,,,,-1,,,,,
1285,sc9-l06-oa1b,sit0,,"",0,0,0,,"",, ,,,,,,-1,,,,,
1285,sc9-l06-oa1b,lo,127.0.0.1,"",0,0,10000000,,"",, ,255.0.0.0,,,,,-1,,,,,
1285,sc9-l06-oa1b,eth3,,00:1B:78:E4:9B:E5,0,0,10000000,,"",, ,,,,,,-1,,,,,
1285,sc9-l06-oa1b,elinkbr,169.254.1.15,00:1B:78:E4:9B:E5,0,0,10000000,,"",, ,255.255.0.0,,,,,-1,,,,,
1285,sc9-l06-oa1b,eth2,,00:1B:78:E4:CB:C8,0,0,10000000,,"",, ,,,,,,-1,,,,,
1285,sc9-l06-oa1b,eth0,169.254.0.1,00:1C:C4:14:C9:F2,0,0,100000000,,"",, ,255.255.255.0,,,,,-1,,,,,
1285,sc9-l06-oa1b,eth1,10.113.58.29,00:1C:C4:14:C9:F3,0,0,100000000,,"",, ,255.255.254.0,,,,,-1,,,,,
1285,sc9-l06-oa1b,udogbr,,00:1C:C4:14:C9:F3,0,0,10000000,,"",, ,,,,,,-1,,,,,
1287,sc9-l06-oa1a,ip6tnl0,,"",0,0,0,,"",, ,,,,,,-1,,,,,
1287,sc9-l06-oa1a,teql0,,"",0,0,0,,"",, ,,,,,,-1,,,,,
1287,sc9-l06-oa1a,sit0,,"",0,0,0,,"",, ,,,,,,-1,,,,,
1287,sc9-l06-oa1a,lo,127.0.0.1,"",0,0,10000000,,"",, ,255.0.0.0,,,,,-1,,,,,
1287,sc9-l06-oa1a,elinkbr,169.254.1.15,00:1B:78:E4:9B:E5,0,0,10000000,,"",, ,255.255.0.0,,,,,-1,,,,,
1287,sc9-l06-oa1a,eth3,,00:1B:78:E4:9B:E5,0,0,10000000,,"",, ,,,,,,-1,,,,,
1287,sc9-l06-oa1a,eth2,,00:1B:78:E4:CB:C8,0,0,10000000,,"",, ,,,,,,-1,,,,,
1287,sc9-l06-oa1a,eth0,169.254.0.1,00:1C:C4:14:C9:F2,0,0,100000000,,"",, ,255.255.255.0,,,,,-1,,,,,
1287,sc9-l06-oa1a,eth1,10.113.58.29,00:1C:C4:14:C9:F3,0,0,100000000,,"",, ,255.255.254.0,,,,,-1,,,,,
1287,sc9-l06-oa1a,udogbr,,00:1C:C4:14:C9:F3,0,0,10000000,,"",, ,,,,,,-1,,,,,
1288,cpp-db01-ilo,HP Network Team #1,"10.113.60.31,10.113.60.70,10.113.60.71",00:1C:C4:15:1F:E2,0,0,1000000000,,"",, ,255.255.254.0,,,,,-1,,,,,
1288,cpp-db01-ilo,HP NC373m Multifunction Gigabit Server Adapter,192.168.100.1,00:1E:0B:92:23:32,0,0,1000000000,,"",, ,255.255.255.0,,,,,-1,,,,,
1320,communities-prod-app-1-ilo,lo,127.0.0.1,"",0,0,10000000,,"",, ,255.0.0.0,,,,,-1,,,,,
1320,communities-prod-app-1-ilo,sit0,,"",0,0,0,,"",, ,,,,,,-1,,,,,
1320,communities-prod-app-1-ilo,eth0,10.113.62.81,00:1E:0B:5F:6F:88,0,0,1000000000,,"",, ,255.255.254.0,,,,,-1,,,,,
1320,communities-prod-app-1-ilo,eth1,,00:1E:0B:5F:6F:8E,0,0,10000000,,"",, ,,,,,,-1,,,,,
1321,communities-prod-app-2-ilo,sit0,,"",0,0,0,,"",, ,,,,,,-1,,,,,
1321,communities-prod-app-2-ilo,lo,127.0.0.1,"",0,0,10000000,,"",, ,255.0.0.0,,,,,-1,,,,,
1321,communities-prod-app-2-ilo,eth0,10.113.62.82,00:1E:0B:5F:EA:38,0,0,1000000000,,"",, ,255.255.254.0,,,,,-1,,,,,
1321,communities-prod-app-2-ilo,eth1,,00:1E:0B:5F:EA:74,0,0,10000000,,"",, ,,,,,,-1,,,,,
1322,communities-prod-app-3-ilo,sit0,,"",0,0,0,,"",, ,,,,,,-1,,,,,
1322,communities-prod-app-3-ilo,lo,127.0.0.1,"",0,0,10000000,,"",, ,255.0.0.0,,,,,-1,,,,,
1322,communities-prod-app-3-ilo,eth1,,00:1E:0B:5F:FE:30,0,0,10000000,,"",, ,,,,,,-1,,,,,
1322,communities-prod-app-3-ilo,eth0,10.113.62.83,00:1E:0B:5F:FE:3A,0,0,1000000000,,"",, ,255.255.254.0,,,,,-1,,,,,
1394,sc9-l07-oa1b,udogbr,,00:18:FE:8C:A8:0D,0,0,10000000,,,, ,,,,,,-1,,,,,
1394,sc9-l07-oa1b,elinkbr,169.254.1.92,00:19:BB:2C:B9:71,0,0,10000000,,,, ,255.255.0.0,,,,,-1,,,,,
1394,sc9-l07-oa1b,eth0,169.254.0.2,00:18:FE:8C:A8:0C,0,0,100000000,,,, ,255.255.255.0,,,,,-1,,,,,
1394,sc9-l07-oa1b,eth1,10.113.58.91,00:18:FE:8C:A8:0D,0,0,100000000,,,, ,255.255.254.0,,,,,-1,,,,,
1394,sc9-l07-oa1b,eth2,,00:19:BB:2C:B9:71,0,0,10000000,,,, ,,,,,,-1,,,,,
1394,sc9-l07-oa1b,eth3,,00:19:BB:2C:E9:E8,0,0,10000000,,,, ,,,,,,-1,,,,,
1394,sc9-l07-oa1b,lo,127.0.0.1,"",0,0,10000000,,,, ,255.0.0.0,,,,,-1,,,,,
1394,sc9-l07-oa1b,teql0,,"",0,0,0,,,, ,,,,,,-1,,,,,
1394,sc9-l07-oa1b,ip6tnl0,,"",0,0,0,,,, ,,,,,,-1,,,,,
1394,sc9-l07-oa1b,sit0,,"",0,0,0,,,, ,,,,,,-1,,,,,
1403,sc9-l07-oa1a,teql0,,"",0,0,0,,"",, ,,,,,,-1,,,,,
1403,sc9-l07-oa1a,lo,127.0.0.1,"",0,0,10000000,,"",, ,255.0.0.0,,,,,-1,,,,,
1403,sc9-l07-oa1a,tunl0,,"",0,0,0,,"",, ,,,,,,-1,,,,,
1403,sc9-l07-oa1a,elinkbr,169.254.1.86,00:1B:78:E4:6C:86,0,0,10000000,,"",, ,255.255.0.0,,,,,-1,,,,,
1403,sc9-l07-oa1a,eth2,,00:1B:78:E4:6C:86,0,0,10000000,,"",, ,,,,,,-1,,,,,
1403,sc9-l07-oa1a,eth3,,00:1B:78:E4:6C:A5,0,0,10000000,,"",, ,,,,,,-1,,,,,
1403,sc9-l07-oa1a,eth0,169.254.0.1,00:1C:C4:14:C9:CE,2,0,10000000,,"",, ,255.255.255.0,,,,,-1,,,,,
1403,sc9-l07-oa1a,eth1,10.113.58.90,00:1C:C4:14:C9:CF,0,0,10000000,,"",, ,255.255.254.0,,,,,-1,,,,,
1403,sc9-l07-oa1a,udogbr,,00:1C:C4:14:C9:CF,0,0,10000000,,"",, ,,,,,,-1,,,,,
1584,10.113.66.233,Null0,,"",0,0,4294967295,,"",, ,,,,,,-1,,,,,
1584,10.113.66.233,GigabitEthernet0/1,,00:1D:E6:0C:61:81,0,0,1000000000,,"",, ,,,,,,-1,,,,,
1584,10.113.66.233,GigabitEthernet0/2,,00:1D:E6:0C:61:82,0,0,1000000000,,"",, ,,,,,,-1,,,,,
1584,10.113.66.233,GigabitEthernet0/3,,00:1D:E6:0C:61:83,0,0,1000000000,,"",, ,,,,,,-1,,,,,
1584,10.113.66.233,GigabitEthernet0/4,,00:1D:E6:0C:61:84,0,0,10000000,,"",, ,,,,,,-1,,,,,
1584,10.113.66.233,GigabitEthernet0/5,,00:1D:E6:0C:61:85,0,0,10000000,,"",, ,,,,,,-1,,,,,
1584,10.113.66.233,GigabitEthernet0/6,,00:1D:E6:0C:61:86,0,0,10000000,,"",, ,,,,,,-1,,,,,
1584,10.113.66.233,GigabitEthernet0/7,,00:1D:E6:0C:61:87,0,0,10000000,,"",, ,,,,,,-1,,,,,
1584,10.113.66.233,GigabitEthernet0/8,,00:1D:E6:0C:61:88,0,0,10000000,,"",, ,,,,,,-1,,,,,
1584,10.113.66.233,GigabitEthernet0/9,,00:1D:E6:0C:61:89,0,0,1000000000,,"",, ,,,,,,-1,,,,,
1584,10.113.66.233,GigabitEthernet0/10,,00:1D:E6:0C:61:8A,0,0,1000000000,,"",, ,,,,,,-1,,,,,
1584,10.113.66.233,GigabitEthernet0/11,,00:1D:E6:0C:61:8B,0,0,1000000000,,"",, ,,,,,,-1,,,,,
1584,10.113.66.233,GigabitEthernet0/12,,00:1D:E6:0C:61:8C,0,0,10000000,,"",, ,,,,,,-1,,,,,
1584,10.113.66.233,GigabitEthernet0/13,,00:1D:E6:0C:61:8D,0,0,10000000,,"",, ,,,,,,-1,,,,,
1584,10.113.66.233,GigabitEthernet0/14,,00:1D:E6:0C:61:8E,0,0,10000000,,"",, ,,,,,,-1,,,,,
1584,10.113.66.233,GigabitEthernet0/15,,00:1D:E6:0C:61:8F,0,0,10000000,,"",, ,,,,,,-1,,,,,
1584,10.113.66.233,GigabitEthernet0/16,,00:1D:E6:0C:61:90,0,0,10000000,,"",, ,,,,,,-1,,,,,
1584,10.113.66.233,GigabitEthernet0/17,,00:1D:E6:0C:61:91,0,0,1000000000,,"",, ,,,,,,-1,,,,,
1584,10.113.66.233,GigabitEthernet0/18,,00:1D:E6:0C:61:92,0,0,10000000,,"",, ,,,,,,-1,,,,,
1584,10.113.66.233,GigabitEthernet0/19,,00:1D:E6:0C:61:93,1,0,1000000000,,"",, ,,,,,,-1,,,,,
1584,10.113.66.233,GigabitEthernet0/20,,00:1D:E6:0C:61:94,0,0,10000000,,"",, ,,,,,,-1,,,,,
1584,10.113.66.233,GigabitEthernet0/21,,00:1D:E6:0C:61:95,0,0,10000000,,"",, ,,,,,,-1,,,,,
1584,10.113.66.233,GigabitEthernet0/22,,00:1D:E6:0C:61:96,0,0,10000000,,"",, ,,,,,,-1,,,,,
1584,10.113.66.233,GigabitEthernet0/23,,00:1D:E6:0C:61:97,0,0,1000000000,,"",, ,,,,,,-1,,,,,
1584,10.113.66.233,GigabitEthernet0/24,,00:1D:E6:0C:61:98,0,0,1000000000,,"",, ,,,,,,-1,,,,,
1584,10.113.66.233,Port-channel1,,00:1D:E6:0C:61:98,0,0,2000000000,,"",, ,,,,,,-1,,,,,
1584,10.113.66.233,FastEthernet0,10.113.66.233,00:1D:E6:0C:61:B7,0,0,100000000,,"",, ,255.255.255.0,,,,,-1,,,,,
1584,10.113.66.233,Vlan1,,00:1D:E6:0C:61:C0,0,0,1000000000,,"",, ,,,,,,-1,,,,,
1584,10.113.66.233,Vlan3412,10.113.68.9,00:1D:E6:0C:61:C1,0,0,1000000000,,"",, ,255.255.255.0,,,,,-1,,,,,
2808,10.113.195.23,eth0,0,00:19:85:00:80:25,0,0,10000000,,"",, ,255.255.248.0,,,,,-1,,,,,
2814,10.113.195.21,eth0,0,00:19:85:00:80:12,0,0,10000000,,"",, ,255.255.248.0,,,,,-1,,,,,
2816,10.113.195.29,eth0,0,00:19:85:00:72:B9,0,0,10000000,,"",, ,255.255.248.0,,,,,-1,,,,,
2817,10.113.195.28,eth0,0,00:19:85:00:8F:26,0,0,10000000,,"",, ,255.255.248.0,,,,,-1,,,,,
2818,10.113.195.31,eth0,0,00:19:85:00:73:FE,0,0,10000000,,"",, ,255.255.248.0,,,,,-1,,,,,
2826,10.113.195.13,eth0,0,00:19:85:00:80:1F,0,0,10000000,,"",, ,255.255.248.0,,,,,-1,,,,,
2828,10.113.195.42,eth0,0,00:19:85:E0:AD:6D,0,0,10000000,,"",, ,255.255.248.0,,,,,-1,,,,,
2837,10.113.195.51,eth0,0,00:19:85:00:8F:1A,0,0,10000000,,"",, ,255.255.248.0,,,,,-1,,,,,
2840,10.113.195.75,eth0,0,00:19:85:00:80:2F,0,0,10000000,,"",, ,255.255.248.0,,,,,-1,,,,,
2841,10.113.195.63,eth0,0,00:19:85:00:80:15,0,0,10000000,,"",, ,255.255.248.0,,,,,-1,,,,,
2845,10.113.195.79,eth0,0,00:19:85:00:80:2D,0,0,10000000,,"",, ,255.255.248.0,,,,,-1,,,,,
2847,10.113.195.77,eth0,0,00:19:85:00:80:10,0,0,10000000,,"",, ,255.255.248.0,,,,,-1,,,,,
2865,10.113.195.22,eth0,0,00:19:85:00:73:FC,0,0,10000000,,"",, ,255.255.248.0,,,,,-1,,,,,
2870,10.113.195.26,eth0,0,00:19:85:00:80:26,0,0,10000000,,"",, ,255.255.248.0,,,,,-1,,,,,
2874,10.113.195.34,eth0,0,00:19:85:00:72:B5,0,0,10000000,,"",, ,255.255.248.0,,,,,-1,,,,,
2875,10.113.195.32,eth0,0,00:19:85:00:72:BB,0,0,10000000,,"",, ,255.255.248.0,,,,,-1,,,,,
2883,10.113.195.62,eth0,0,00:19:85:00:80:2A,0,0,10000000,,"",, ,255.255.248.0,,,,,-1,,,,,
2885,sc9-pdu-sw02,StackPort1,,"",0,0,0,,"",, ,,,,,,-1,,,,,
2885,sc9-pdu-sw02,,,,0,0,,,"",, ,,,,,,-1,,,,,
2885,sc9-pdu-sw02,StackSub-St1-2,,"",,,0,,"",, ,,,,,,-1,,,,,
2885,sc9-pdu-sw02,StackSub-St1-1,,"",,,0,,"",, ,,,,,,-1,,,,,
2885,sc9-pdu-sw02,,,,0,0,,,"",, ,,,,,,-1,,,,,
2885,sc9-pdu-sw02,GigabitEthernet1/0/1,,00:1E:4A:DB:70:01,0,0,10000000,,"",, ,,,,,,-1,,,,,
2885,sc9-pdu-sw02,GigabitEthernet1/0/2,,00:1E:4A:DB:70:02,0,0,10000000,,"",, ,,,,,,-1,,,,,
2885,sc9-pdu-sw02,FastEthernet1/0/1,,00:1E:4A:DB:70:03,0,0,10000000,,"",, ,,,,,,-1,,,,,
2885,sc9-pdu-sw02,FastEthernet1/0/2,,00:1E:4A:DB:70:04,0,0,10000000,,"",, ,,,,,,-1,,,,,
2885,sc9-pdu-sw02,FastEthernet1/0/3,,00:1E:4A:DB:70:05,0,0,10000000,,"",, ,,,,,,-1,,,,,
2885,sc9-pdu-sw02,FastEthernet1/0/4,,00:1E:4A:DB:70:06,0,0,10000000,,"",, ,,,,,,-1,,,,,
2885,sc9-pdu-sw02,FastEthernet1/0/5,,00:1E:4A:DB:70:07,0,0,10000000,,"",, ,,,,,,-1,,,,,
2885,sc9-pdu-sw02,FastEthernet1/0/6,,00:1E:4A:DB:70:08,1,0,10000000,,"",, ,,,,,,-1,,,,,
2885,sc9-pdu-sw02,FastEthernet1/0/7,,00:1E:4A:DB:70:09,0,0,10000000,,"",, ,,,,,,-1,,,,,
2885,sc9-pdu-sw02,FastEthernet1/0/8,,00:1E:4A:DB:70:0A,0,0,10000000,,"",, ,,,,,,-1,,,,,
2885,sc9-pdu-sw02,FastEthernet1/0/9,,00:1E:4A:DB:70:0B,0,0,10000000,,"",, ,,,,,,-1,,,,,
2885,sc9-pdu-sw02,FastEthernet1/0/10,,00:1E:4A:DB:70:0C,0,0,10000000,,"",, ,,,,,,-1,,,,,
2885,sc9-pdu-sw02,FastEthernet1/0/11,,00:1E:4A:DB:70:0D,0,0,10000000,,"",, ,,,,,,-1,,,,,
2885,sc9-pdu-sw02,FastEthernet1/0/12,,00:1E:4A:DB:70:0E,0,0,10000000,,"",, ,,,,,,-1,,,,,
2885,sc9-pdu-sw02,FastEthernet1/0/13,,00:1E:4A:DB:70:0F,0,0,10000000,,"",, ,,,,,,-1,,,,,
2885,sc9-pdu-sw02,FastEthernet1/0/14,,00:1E:4A:DB:70:10,0,0,10000000,,"",, ,,,,,,-1,,,,,
2885,sc9-pdu-sw02,FastEthernet1/0/15,,00:1E:4A:DB:70:11,1,0,10000000,,"",, ,,,,,,-1,,,,,
2885,sc9-pdu-sw02,FastEthernet1/0/16,,00:1E:4A:DB:70:12,0,0,10000000,,"",, ,,,,,,-1,,,,,
2885,sc9-pdu-sw02,FastEthernet1/0/17,,00:1E:4A:DB:70:13,0,0,10000000,,"",, ,,,,,,-1,,,,,
2885,sc9-pdu-sw02,FastEthernet1/0/18,,00:1E:4A:DB:70:14,1,0,10000000,,"",, ,,,,,,-1,,,,,
2885,sc9-pdu-sw02,FastEthernet1/0/19,,00:1E:4A:DB:70:15,0,0,10000000,,"",, ,,,,,,-1,,,,,
2885,sc9-pdu-sw02,FastEthernet1/0/20,,00:1E:4A:DB:70:16,0,0,10000000,,"",, ,,,,,,-1,,,,,
2885,sc9-pdu-sw02,FastEthernet1/0/21,,00:1E:4A:DB:70:17,0,0,10000000,,"",, ,,,,,,-1,,,,,
2885,sc9-pdu-sw02,FastEthernet1/0/22,,00:1E:4A:DB:70:18,1,0,10000000,,"",, ,,,,,,-1,,,,,
2885,sc9-pdu-sw02,FastEthernet1/0/23,,00:1E:4A:DB:70:19,0,0,10000000,,"",, ,,,,,,-1,,,,,
2885,sc9-pdu-sw02,FastEthernet1/0/24,,00:1E:4A:DB:70:1A,0,0,10000000,,"",, ,,,,,,-1,,,,,
2885,sc9-pdu-sw02,GigabitEthernet1/0/3,,00:1E:4A:DB:70:1B,0,0,10000000,,"",, ,,,,,,-1,,,,,
2885,sc9-pdu-sw02,FastEthernet1/0/25,,00:1E:4A:DB:70:1D,0,0,10000000,,"",, ,,,,,,-1,,,,,
2885,sc9-pdu-sw02,FastEthernet1/0/26,,00:1E:4A:DB:70:1E,0,0,10000000,,"",, ,,,,,,-1,,,,,
2885,sc9-pdu-sw02,FastEthernet1/0/27,,00:1E:4A:DB:70:1F,0,0,10000000,,"",, ,,,,,,-1,,,,,
2885,sc9-pdu-sw02,FastEthernet1/0/28,,00:1E:4A:DB:70:20,0,0,10000000,,"",, ,,,,,,-1,,,,,
2885,sc9-pdu-sw02,FastEthernet1/0/29,,00:1E:4A:DB:70:21,0,0,10000000,,"",, ,,,,,,-1,,,,,
2885,sc9-pdu-sw02,FastEthernet1/0/30,,00:1E:4A:DB:70:22,0,0,10000000,,"",, ,,,,,,-1,,,,,
2885,sc9-pdu-sw02,FastEthernet1/0/31,,00:1E:4A:DB:70:23,0,0,10000000,,"",, ,,,,,,-1,,,,,
2885,sc9-pdu-sw02,FastEthernet1/0/32,,00:1E:4A:DB:70:24,0,0,10000000,,"",, ,,,,,,-1,,,,,
2885,sc9-pdu-sw02,FastEthernet1/0/33,,00:1E:4A:DB:70:25,0,0,10000000,,"",, ,,,,,,-1,,,,,
2885,sc9-pdu-sw02,FastEthernet1/0/34,,00:1E:4A:DB:70:26,0,0,10000000,,"",, ,,,,,,-1,,,,,
2885,sc9-pdu-sw02,FastEthernet1/0/35,,00:1E:4A:DB:70:27,0,0,10000000,,"",, ,,,,,,-1,,,,,
2885,sc9-pdu-sw02,FastEthernet1/0/36,,00:1E:4A:DB:70:28,0,0,10000000,,"",, ,,,,,,-1,,,,,
2885,sc9-pdu-sw02,FastEthernet1/0/37,,00:1E:4A:DB:70:29,0,0,10000000,,"",, ,,,,,,-1,,,,,
2885,sc9-pdu-sw02,FastEthernet1/0/38,,00:1E:4A:DB:70:2A,0,0,10000000,,"",, ,,,,,,-1,,,,,
2885,sc9-pdu-sw02,FastEthernet1/0/39,,00:1E:4A:DB:70:2B,0,0,10000000,,"",, ,,,,,,-1,,,,,
2885,sc9-pdu-sw02,FastEthernet1/0/40,,00:1E:4A:DB:70:2C,0,0,10000000,,"",, ,,,,,,-1,,,,,
2885,sc9-pdu-sw02,FastEthernet1/0/41,,00:1E:4A:DB:70:2D,0,0,10000000,,"",, ,,,,,,-1,,,,,
2885,sc9-pdu-sw02,FastEthernet1/0/42,,00:1E:4A:DB:70:2E,1,0,10000000,,"",, ,,,,,,-1,,,,,
2885,sc9-pdu-sw02,FastEthernet1/0/43,,00:1E:4A:DB:70:2F,0,0,10000000,,"",, ,,,,,,-1,,,,,
2885,sc9-pdu-sw02,FastEthernet1/0/44,,00:1E:4A:DB:70:30,0,0,10000000,,"",, ,,,,,,-1,,,,,
2885,sc9-pdu-sw02,FastEthernet1/0/45,,00:1E:4A:DB:70:31,0,0,10000000,,"",, ,,,,,,-1,,,,,
2885,sc9-pdu-sw02,FastEthernet1/0/46,,00:1E:4A:DB:70:32,2,0,10000000,,"",, ,,,,,,-1,,,,,
2885,sc9-pdu-sw02,FastEthernet1/0/47,,00:1E:4A:DB:70:33,0,0,10000000,,"",, ,,,,,,-1,,,,,
2885,sc9-pdu-sw02,FastEthernet1/0/48,,00:1E:4A:DB:70:34,0,0,100000000,,"",, ,,,,,,-1,,,,,
2885,sc9-pdu-sw02,Vlan1,,00:1E:4A:DB:70:40,0,0,1000000000,,"",, ,,,,,,-1,,,,,
2885,sc9-pdu-sw02,Vlan3461,10.113.195.199,00:1E:4A:DB:70:41,0,0,1000000000,,"",, ,255.255.248.0,,,,,-1,,,,,
2886,sc9-pdu-sw03,StackSub-St1-1,,"",,,0,,"",, ,,,,,,-1,,,,,
2886,sc9-pdu-sw03,,,,0,0,,,"",, ,,,,,,-1,,,,,
2886,sc9-pdu-sw03,,,,0,0,,,"",, ,,,,,,-1,,,,,
2886,sc9-pdu-sw03,StackSub-St1-2,,"",,,0,,"",, ,,,,,,-1,,,,,
2886,sc9-pdu-sw03,StackPort1,,"",0,0,0,,"",, ,,,,,,-1,,,,,
2886,sc9-pdu-sw03,GigabitEthernet1/0/1,,00:21:A1:82:B5:81,0,0,10000000,,"",, ,,,,,,-1,,,,,
2886,sc9-pdu-sw03,GigabitEthernet1/0/2,,00:21:A1:82:B5:82,0,0,10000000,,"",, ,,,,,,-1,,,,,
2886,sc9-pdu-sw03,FastEthernet1/0/1,,00:21:A1:82:B5:83,0,0,10000000,,"",, ,,,,,,-1,,,,,
2886,sc9-pdu-sw03,FastEthernet1/0/2,,00:21:A1:82:B5:84,0,0,10000000,,"",, ,,,,,,-1,,,,,
2886,sc9-pdu-sw03,FastEthernet1/0/3,,00:21:A1:82:B5:85,0,0,10000000,,"",, ,,,,,,-1,,,,,
2886,sc9-pdu-sw03,FastEthernet1/0/4,,00:21:A1:82:B5:86,0,0,10000000,,"",, ,,,,,,-1,,,,,
2886,sc9-pdu-sw03,FastEthernet1/0/5,,00:21:A1:82:B5:87,0,0,10000000,,"",, ,,,,,,-1,,,,,
2886,sc9-pdu-sw03,FastEthernet1/0/6,,00:21:A1:82:B5:88,0,0,10000000,,"",, ,,,,,,-1,,,,,
2886,sc9-pdu-sw03,FastEthernet1/0/7,,00:21:A1:82:B5:89,0,0,10000000,,"",, ,,,,,,-1,,,,,
2886,sc9-pdu-sw03,FastEthernet1/0/8,,00:21:A1:82:B5:8A,0,0,10000000,,"",, ,,,,,,-1,,,,,
2886,sc9-pdu-sw03,FastEthernet1/0/9,,00:21:A1:82:B5:8B,0,0,10000000,,"",, ,,,,,,-1,,,,,
2886,sc9-pdu-sw03,FastEthernet1/0/10,,00:21:A1:82:B5:8C,0,0,10000000,,"",, ,,,,,,-1,,,,,
2886,sc9-pdu-sw03,FastEthernet1/0/11,,00:21:A1:82:B5:8D,0,0,10000000,,"",, ,,,,,,-1,,,,,
2886,sc9-pdu-sw03,FastEthernet1/0/12,,00:21:A1:82:B5:8E,1,0,10000000,,"",, ,,,,,,-1,,,,,
2886,sc9-pdu-sw03,FastEthernet1/0/13,,00:21:A1:82:B5:8F,0,0,10000000,,"",, ,,,,,,-1,,,,,
2886,sc9-pdu-sw03,FastEthernet1/0/14,,00:21:A1:82:B5:90,0,0,10000000,,"",, ,,,,,,-1,,,,,
2886,sc9-pdu-sw03,FastEthernet1/0/15,,00:21:A1:82:B5:91,0,0,10000000,,"",, ,,,,,,-1,,,,,
2886,sc9-pdu-sw03,FastEthernet1/0/16,,00:21:A1:82:B5:92,0,0,10000000,,"",, ,,,,,,-1,,,,,
2886,sc9-pdu-sw03,FastEthernet1/0/17,,00:21:A1:82:B5:93,0,0,10000000,,"",, ,,,,,,-1,,,,,
2886,sc9-pdu-sw03,FastEthernet1/0/18,,00:21:A1:82:B5:94,0,0,10000000,,"",, ,,,,,,-1,,,,,
2886,sc9-pdu-sw03,FastEthernet1/0/19,,00:21:A1:82:B5:95,0,0,10000000,,"",, ,,,,,,-1,,,,,
2886,sc9-pdu-sw03,FastEthernet1/0/20,,00:21:A1:82:B5:96,0,0,10000000,,"",, ,,,,,,-1,,,,,
2886,sc9-pdu-sw03,FastEthernet1/0/21,,00:21:A1:82:B5:97,0,0,10000000,,"",, ,,,,,,-1,,,,,
2886,sc9-pdu-sw03,FastEthernet1/0/22,,00:21:A1:82:B5:98,0,0,10000000,,"",, ,,,,,,-1,,,,,
2886,sc9-pdu-sw03,FastEthernet1/0/23,,00:21:A1:82:B5:99,0,0,10000000,,"",, ,,,,,,-1,,,,,
2886,sc9-pdu-sw03,FastEthernet1/0/24,,00:21:A1:82:B5:9A,0,0,10000000,,"",, ,,,,,,-1,,,,,
2886,sc9-pdu-sw03,GigabitEthernet1/0/3,,00:21:A1:82:B5:9B,0,0,10000000,,"",, ,,,,,,-1,,,,,
2886,sc9-pdu-sw03,FastEthernet1/0/25,,00:21:A1:82:B5:9D,0,0,10000000,,"",, ,,,,,,-1,,,,,
2886,sc9-pdu-sw03,FastEthernet1/0/26,,00:21:A1:82:B5:9E,0,0,10000000,,"",, ,,,,,,-1,,,,,
2886,sc9-pdu-sw03,FastEthernet1/0/27,,00:21:A1:82:B5:9F,0,0,10000000,,"",, ,,,,,,-1,,,,,
2886,sc9-pdu-sw03,FastEthernet1/0/28,,00:21:A1:82:B5:A0,0,0,10000000,,"",, ,,,,,,-1,,,,,
2886,sc9-pdu-sw03,FastEthernet1/0/29,,00:21:A1:82:B5:A1,0,0,10000000,,"",, ,,,,,,-1,,,,,
2886,sc9-pdu-sw03,FastEthernet1/0/30,,00:21:A1:82:B5:A2,0,0,10000000,,"",, ,,,,,,-1,,,,,
2886,sc9-pdu-sw03,FastEthernet1/0/31,,00:21:A1:82:B5:A3,0,0,10000000,,"",, ,,,,,,-1,,,,,
2886,sc9-pdu-sw03,FastEthernet1/0/32,,00:21:A1:82:B5:A4,0,0,10000000,,"",, ,,,,,,-1,,,,,
2886,sc9-pdu-sw03,FastEthernet1/0/33,,00:21:A1:82:B5:A5,0,0,10000000,,"",, ,,,,,,-1,,,,,
2886,sc9-pdu-sw03,FastEthernet1/0/34,,00:21:A1:82:B5:A6,0,0,10000000,,"",, ,,,,,,-1,,,,,
2886,sc9-pdu-sw03,FastEthernet1/0/35,,00:21:A1:82:B5:A7,0,0,10000000,,"",, ,,,,,,-1,,,,,
2886,sc9-pdu-sw03,FastEthernet1/0/36,,00:21:A1:82:B5:A8,0,0,10000000,,"",, ,,,,,,-1,,,,,
2886,sc9-pdu-sw03,FastEthernet1/0/37,,00:21:A1:82:B5:A9,0,0,10000000,,"",, ,,,,,,-1,,,,,
2886,sc9-pdu-sw03,FastEthernet1/0/38,,00:21:A1:82:B5:AA,0,0,10000000,,"",, ,,,,,,-1,,,,,
2886,sc9-pdu-sw03,FastEthernet1/0/39,,00:21:A1:82:B5:AB,1,0,10000000,,"",, ,,,,,,-1,,,,,
2886,sc9-pdu-sw03,FastEthernet1/0/40,,00:21:A1:82:B5:AC,0,0,10000000,,"",, ,,,,,,-1,,,,,
2886,sc9-pdu-sw03,FastEthernet1/0/41,,00:21:A1:82:B5:AD,0,0,10000000,,"",, ,,,,,,-1,,,,,
2886,sc9-pdu-sw03,FastEthernet1/0/42,,00:21:A1:82:B5:AE,0,0,10000000,,"",, ,,,,,,-1,,,,,
2886,sc9-pdu-sw03,FastEthernet1/0/43,,00:21:A1:82:B5:AF,0,0,10000000,,"",, ,,,,,,-1,,,,,
2886,sc9-pdu-sw03,FastEthernet1/0/44,,00:21:A1:82:B5:B0,0,0,10000000,,"",, ,,,,,,-1,,,,,
2886,sc9-pdu-sw03,FastEthernet1/0/45,,00:21:A1:82:B5:B1,0,0,10000000,,"",, ,,,,,,-1,,,,,
2886,sc9-pdu-sw03,FastEthernet1/0/46,,00:21:A1:82:B5:B2,1,0,10000000,,"",, ,,,,,,-1,,,,,
2886,sc9-pdu-sw03,FastEthernet1/0/47,,00:21:A1:82:B5:B3,0,0,10000000,,"",, ,,,,,,-1,,,,,
2886,sc9-pdu-sw03,FastEthernet1/0/48,,00:21:A1:82:B5:B4,0,0,100000000,,"",, ,,,,,,-1,,,,,
2886,sc9-pdu-sw03,Vlan1,,00:21:A1:82:B5:C0,0,0,1000000000,,"",, ,,,,,,-1,,,,,
2886,sc9-pdu-sw03,Vlan3461,10.113.195.200,00:21:A1:82:B5:C1,0,0,1000000000,,"",, ,255.255.248.0,,,,,-1,,,,,
2889,10.113.195.78,eth0,0,00:19:85:00:80:33,0,0,10000000,,"",, ,255.255.248.0,,,,,-1,,,,,
2891,10.113.195.76,eth0,0,00:19:85:00:80:34,0,0,10000000,,"",, ,255.255.248.0,,,,,-1,,,,,
2904,sc9-bm,eth0,0,00:19:85:00:72:AC,0,0,10000000,,"",, ,255.255.248.0,,,,,-1,,,,,
2905,sc9-pdu-sw01,StackPort1,,"",0,0,0,,"",, ,,,,,,-1,,,,,
2905,sc9-pdu-sw01,StackSub-St1-1,,"",,,0,,"",, ,,,,,,-1,,,,,
2905,sc9-pdu-sw01,StackSub-St1-2,,"",,,0,,"",, ,,,,,,-1,,,,,
2905,sc9-pdu-sw01,,,,0,0,,,"",, ,,,,,,-1,,,,,
2905,sc9-pdu-sw01,,,,0,0,,,"",, ,,,,,,-1,,,,,
2905,sc9-pdu-sw01,GigabitEthernet1/0/1,,00:19:55:37:D6:81,0,0,10000000,,"",, ,,,,,,-1,,,,,
2905,sc9-pdu-sw01,GigabitEthernet1/0/2,,00:19:55:37:D6:82,0,0,10000000,,"",, ,,,,,,-1,,,,,
2905,sc9-pdu-sw01,FastEthernet1/0/1,,00:19:55:37:D6:83,0,0,10000000,,"",, ,,,,,,-1,,,,,
2905,sc9-pdu-sw01,FastEthernet1/0/2,,00:19:55:37:D6:84,0,0,10000000,,"",, ,,,,,,-1,,,,,
2905,sc9-pdu-sw01,FastEthernet1/0/3,,00:19:55:37:D6:85,0,0,10000000,,"",, ,,,,,,-1,,,,,
2905,sc9-pdu-sw01,FastEthernet1/0/4,,00:19:55:37:D6:86,2,0,10000000,,"",, ,,,,,,-1,,,,,
2905,sc9-pdu-sw01,FastEthernet1/0/5,,00:19:55:37:D6:87,0,0,10000000,,"",, ,,,,,,-1,,,,,
2905,sc9-pdu-sw01,FastEthernet1/0/6,,00:19:55:37:D6:88,0,0,10000000,,"",, ,,,,,,-1,,,,,
2905,sc9-pdu-sw01,FastEthernet1/0/7,,00:19:55:37:D6:89,0,0,10000000,,"",, ,,,,,,-1,,,,,
2905,sc9-pdu-sw01,FastEthernet1/0/8,,00:19:55:37:D6:8A,0,0,10000000,,"",, ,,,,,,-1,,,,,
2905,sc9-pdu-sw01,FastEthernet1/0/9,,00:19:55:37:D6:8B,0,0,10000000,,"",, ,,,,,,-1,,,,,
2905,sc9-pdu-sw01,FastEthernet1/0/10,,00:19:55:37:D6:8C,0,0,10000000,,"",, ,,,,,,-1,,,,,
2905,sc9-pdu-sw01,FastEthernet1/0/11,,00:19:55:37:D6:8D,0,0,10000000,,"",, ,,,,,,-1,,,,,
2905,sc9-pdu-sw01,FastEthernet1/0/12,,00:19:55:37:D6:8E,0,0,10000000,,"",, ,,,,,,-1,,,,,
2905,sc9-pdu-sw01,FastEthernet1/0/13,,00:19:55:37:D6:8F,0,0,10000000,,"",, ,,,,,,-1,,,,,
2905,sc9-pdu-sw01,FastEthernet1/0/14,,00:19:55:37:D6:90,0,0,10000000,,"",, ,,,,,,-1,,,,,
2905,sc9-pdu-sw01,FastEthernet1/0/15,,00:19:55:37:D6:91,0,0,10000000,,"",, ,,,,,,-1,,,,,
2905,sc9-pdu-sw01,FastEthernet1/0/16,,00:19:55:37:D6:92,1,0,10000000,,"",, ,,,,,,-1,,,,,
2905,sc9-pdu-sw01,FastEthernet1/0/17,,00:19:55:37:D6:93,0,0,10000000,,"",, ,,,,,,-1,,,,,
2905,sc9-pdu-sw01,FastEthernet1/0/18,,00:19:55:37:D6:94,0,0,10000000,,"",, ,,,,,,-1,,,,,
2905,sc9-pdu-sw01,FastEthernet1/0/19,,00:19:55:37:D6:95,0,0,10000000,,"",, ,,,,,,-1,,,,,
2905,sc9-pdu-sw01,FastEthernet1/0/20,,00:19:55:37:D6:96,0,0,10000000,,"",, ,,,,,,-1,,,,,
2905,sc9-pdu-sw01,FastEthernet1/0/21,,00:19:55:37:D6:97,0,0,10000000,,"",, ,,,,,,-1,,,,,
2905,sc9-pdu-sw01,FastEthernet1/0/22,,00:19:55:37:D6:98,0,0,10000000,,"",, ,,,,,,-1,,,,,
2905,sc9-pdu-sw01,FastEthernet1/0/23,,00:19:55:37:D6:99,0,0,10000000,,"",, ,,,,,,-1,,,,,
2905,sc9-pdu-sw01,FastEthernet1/0/24,,00:19:55:37:D6:9A,0,0,10000000,,"",, ,,,,,,-1,,,,,
2905,sc9-pdu-sw01,GigabitEthernet1/0/3,,00:19:55:37:D6:9B,0,0,10000000,,"",, ,,,,,,-1,,,,,
2905,sc9-pdu-sw01,FastEthernet1/0/25,,00:19:55:37:D6:9D,0,0,10000000,,"",, ,,,,,,-1,,,,,
2905,sc9-pdu-sw01,FastEthernet1/0/26,,00:19:55:37:D6:9E,0,0,10000000,,"",, ,,,,,,-1,,,,,
2905,sc9-pdu-sw01,FastEthernet1/0/27,,00:19:55:37:D6:9F,0,0,10000000,,"",, ,,,,,,-1,,,,,
2905,sc9-pdu-sw01,FastEthernet1/0/28,,00:19:55:37:D6:A0,0,0,10000000,,"",, ,,,,,,-1,,,,,
2905,sc9-pdu-sw01,FastEthernet1/0/29,,00:19:55:37:D6:A1,0,0,10000000,,"",, ,,,,,,-1,,,,,
2905,sc9-pdu-sw01,FastEthernet1/0/30,,00:19:55:37:D6:A2,0,0,10000000,,"",, ,,,,,,-1,,,,,
2905,sc9-pdu-sw01,FastEthernet1/0/31,,00:19:55:37:D6:A3,0,0,10000000,,"",, ,,,,,,-1,,,,,
2905,sc9-pdu-sw01,FastEthernet1/0/32,,00:19:55:37:D6:A4,0,0,10000000,,"",, ,,,,,,-1,,,,,
2905,sc9-pdu-sw01,FastEthernet1/0/33,,00:19:55:37:D6:A5,0,0,10000000,,"",, ,,,,,,-1,,,,,
2905,sc9-pdu-sw01,FastEthernet1/0/34,,00:19:55:37:D6:A6,0,0,10000000,,"",, ,,,,,,-1,,,,,
2905,sc9-pdu-sw01,FastEthernet1/0/35,,00:19:55:37:D6:A7,0,0,10000000,,"",, ,,,,,,-1,,,,,
2905,sc9-pdu-sw01,FastEthernet1/0/36,,00:19:55:37:D6:A8,0,0,10000000,,"",, ,,,,,,-1,,,,,
2905,sc9-pdu-sw01,FastEthernet1/0/37,,00:19:55:37:D6:A9,0,0,10000000,,"",, ,,,,,,-1,,,,,
2905,sc9-pdu-sw01,FastEthernet1/0/38,,00:19:55:37:D6:AA,0,0,10000000,,"",, ,,,,,,-1,,,,,
2905,sc9-pdu-sw01,FastEthernet1/0/39,,00:19:55:37:D6:AB,0,0,10000000,,"",, ,,,,,,-1,,,,,
2905,sc9-pdu-sw01,FastEthernet1/0/40,,00:19:55:37:D6:AC,0,0,10000000,,"",, ,,,,,,-1,,,,,
2905,sc9-pdu-sw01,FastEthernet1/0/41,,00:19:55:37:D6:AD,0,0,10000000,,"",, ,,,,,,-1,,,,,
2905,sc9-pdu-sw01,FastEthernet1/0/42,,00:19:55:37:D6:AE,0,0,10000000,,"",, ,,,,,,-1,,,,,
2905,sc9-pdu-sw01,FastEthernet1/0/43,,00:19:55:37:D6:AF,0,0,10000000,,"",, ,,,,,,-1,,,,,
2905,sc9-pdu-sw01,FastEthernet1/0/44,,00:19:55:37:D6:B0,0,0,10000000,,"",, ,,,,,,-1,,,,,
2905,sc9-pdu-sw01,FastEthernet1/0/45,,00:19:55:37:D6:B1,0,0,10000000,,"",, ,,,,,,-1,,,,,
2905,sc9-pdu-sw01,FastEthernet1/0/46,,00:19:55:37:D6:B2,0,0,10000000,,"",, ,,,,,,-1,,,,,
2905,sc9-pdu-sw01,FastEthernet1/0/47,,00:19:55:37:D6:B3,0,0,10000000,,"",, ,,,,,,-1,,,,,
2905,sc9-pdu-sw01,FastEthernet1/0/48,,00:19:55:37:D6:B4,0,0,100000000,,"",, ,,,,,,-1,,,,,
2905,sc9-pdu-sw01,Vlan1,,00:19:55:37:D6:C0,0,0,1000000000,,"",, ,,,,,,-1,,,,,
2905,sc9-pdu-sw01,Vlan3461,10.113.195.198,00:19:55:37:D6:C1,0,0,1000000000,,"",, ,255.255.248.0,,,,,-1,,,,,
3227,10.113.195.80,eth0,0,00:19:85:00:80:2E,0,0,10000000,,"",, ,255.255.248.0,,,,,-1,,,,,
3260,10.113.195.89,eth0,0,00:19:85:00:98:F2,0,0,10000000,,"",, ,255.255.248.0,,,,,-1,,,,,
3261,10.113.195.90,eth0,0,00:19:85:00:98:FF,0,0,10000000,,"",, ,255.255.248.0,,,,,-1,,,,,
3262,10.113.195.91,eth0,0,00:19:85:E3:23:9C,0,0,10000000,,"",, ,255.255.248.0,,,,,-1,,,,,
3362,10.113.195.86,eth0,0,00:19:85:00:80:39,0,0,10000000,,"",, ,255.255.248.0,,,,,-1,,,,,
3673,sc9-bm.026-pdu-red-n01.vmware.com,eth0,0,00:19:85:E3:2A:00,0,0,10000000,,"",, ,255.255.248.0,,,,,-1,,,,,
3674,sc9-bm.026-pdu-pri-n04.vmware.com,eth0,0,00:19:85:00:80:1D,0,0,10000000,,"",, ,255.255.248.0,,,,,-1,,,,,
3675,sc9-bm.026-pdu-red-n03.vmware.com,eth0,0,00:19:85:00:8F:1B,0,0,10000000,,"",, ,255.255.248.0,,,,,-1,,,,,
3676,sc9-bm.026-pdu-red-n02.vmware.com,eth0,0,00:19:85:00:72:BD,0,0,10000000,,"",, ,255.255.248.0,,,,,-1,,,,,
3677,sc9-bm.026-pdu-pri-n03.vmware.com,eth0,0,00:19:85:00:8F:10,0,0,10000000,,"",, ,255.255.248.0,,,,,-1,,,,,
3678,sc9-bm.026-pdu-red-n04.vmware.com,eth0,0,00:19:85:00:80:19,0,0,10000000,,"",, ,255.255.248.0,,,,,-1,,,,,
3684,sc9-bm.026-pdu-pri-f07.vmware.com,eth0,0,00:19:85:00:80:29,0,0,10000000,,"",, ,255.255.248.0,,,,,-1,,,,,
3685,sc9-bm.026-pdu-red-h01.vmware.com,eth0,0,00:19:85:E0:AD:3A,0,0,10000000,,"",, ,255.255.248.0,,,,,-1,,,,,
3686,sc9-bm.026-pdu-pri-h02.vmware.com,eth0,0,00:19:85:E0:AD:32,0,0,10000000,,"",, ,255.255.248.0,,,,,-1,,,,,
3687,sc9-bm.026-pdu-pri-h03.vmware.com,eth0,0,00:19:85:00:98:F0,0,0,10000000,,"",, ,255.255.248.0,,,,,-1,,,,,
3688,sc9-bm.026-pdu-red-h02.vmware.com,eth0,0,00:19:85:E0:AD:74,0,0,10000000,,"",, ,255.255.248.0,,,,,-1,,,,,
3689,sc9-bm.026-pdu-red-h03.vmware.com,eth0,0,00:19:85:00:98:F9,0,0,10000000,,"",, ,255.255.248.0,,,,,-1,,,,,
3690,sc9-bm.026-pdu-red-i01.vmware.com,eth0,0,00:19:85:00:80:28,0,0,10000000,,"",, ,255.255.248.0,,,,,-1,,,,,
3691,sc9-bm.026-pdu-pri-i02.vmware.com,eth0,0,00:19:85:00:80:11,0,0,10000000,,"",, ,255.255.248.0,,,,,-1,,,,,
3692,sc9-bm.026-pdu-red-i02.vmware.com,eth0,0,00:19:85:00:80:14,0,0,10000000,,"",, ,255.255.248.0,,,,,-1,,,,,
3693,sc9-bm.026-pdu-pri-i11.vmware.com,eth0,0,00:19:85:00:80:1A,0,0,10000000,,"",, ,255.255.248.0,,,,,-1,,,,,
3694,sc9-bm.026-pdu-red-i03.vmware.com,eth0,0,00:19:85:00:80:23,0,0,10000000,,"",, ,255.255.248.0,,,,,-1,,,,,
3695,sc9-bm.026-pdu-red-i11.vmware.com,eth0,0,00:19:85:00:80:1B,0,0,10000000,,"",, ,255.255.248.0,,,,,-1,,,,,
3696,sc9-bm.026-pdu-red-i12.vmware.com,eth0,0,00:19:85:00:8F:11,0,0,10000000,,"",, ,255.255.248.0,,,,,-1,,,,,
3697,sc9-bm.026-pdu-red-h05.vmware.com,eth0,0,00:19:85:E3:22:E4,0,0,10000000,,"",, ,255.255.248.0,,,,,-1,,,,,
3698,sc9-bm.026-pdu-pri-k01.vmware.com,eth0,0,00:19:85:00:80:0E,0,0,10000000,,"",, ,255.255.248.0,,,,,-1,,,,,
3699,sc9-bm.026-pdu-red-k04.vmware.com,eth0,0,00:19:85:00:80:0F,0,0,10000000,,"",, ,255.255.248.0,,,,,-1,,,,,
3700,sc9-bm.026-pdu-red-k05.vmware.com,eth0,0,00:19:85:00:80:18,0,0,10000000,,"",, ,255.255.248.0,,,,,-1,,,,,
3701,sc9-bm.026-pdu-red-k07.vmware.com,eth0,0,00:19:85:00:8F:21,0,0,10000000,,"",, ,255.255.248.0,,,,,-1,,,,,
3702,sc9-bm.026-pdu-red-k06.vmware.com,eth0,0,00:19:85:00:98:FB,0,0,10000000,,"",, ,255.255.248.0,,,,,-1,,,,,
3703,sc9-bm.026-pdu-pri-k06.vmware.com,eth0,0,00:19:85:00:98:FE,0,0,10000000,,"",, ,255.255.248.0,,,,,-1,,,,,
3704,sc9-bm.026-pdu-red-k08.vmware.com,eth0,0,00:19:85:00:8F:18,0,0,10000000,,"",, ,255.255.248.0,,,,,-1,,,,,
3705,sc9-bm.026-pdu-pri-k08.vmware.com,eth0,0,00:19:85:00:8F:23,0,0,10000000,,"",, ,255.255.248.0,,,,,-1,,,,,
3706,sc9-bm.026-pdu-pri-k09.vmware.com,eth0,0,00:19:85:00:80:38,0,0,10000000,,"",, ,255.255.248.0,,,,,-1,,,,,
3707,sc9-bm.026-pdu-red-h13.vmware.com,eth0,0,00:19:85:E3:19:55,0,0,10000000,,"",, ,255.255.248.0,,,,,-1,,,,,
3708,sc9-bm.026-pdu-red-h06.vmware.com,eth0,0,00:19:85:E3:22:DD,0,0,10000000,,"",, ,255.255.248.0,,,,,-1,,,,,
3709,sc9-bm.026-pdu-pri-h13.vmware.com,eth0,0,00:19:85:E3:1A:28,0,0,10000000,,"",, ,255.255.248.0,,,,,-1,,,,,
3710,sc9-bm.026-pdu-pri-l06.vmware.com,eth0,0,00:19:85:E3:19:5E,0,0,10000000,,"",, ,255.255.248.0,,,,,-1,,,,,
3711,sc9-bm.026-pdu-red-l06.vmware.com,eth0,0,00:19:85:E3:1A:49,0,0,10000000,,"",, ,255.255.248.0,,,,,-1,,,,,
3807,sc9-bm.026-pdu-red-k09.vmware.com,eth0,0,00:19:85:00:80:31,0,0,10000000,,"",, ,255.255.248.0,,,,,-1,,,,,
3816,sc9-bm.026-pdu-pri-n05.vmware.com,eth0,0,00:19:85:00:80:1E,0,0,10000000,,"",, ,255.255.248.0,,,,,-1,,,,,
3817,sc9-bm.026-pdu-pri-n10.vmware.com,eth0,0,00:19:85:00:72:B2,0,0,10000000,,"",, ,255.255.248.0,,,,,-1,,,,,
3818,sc9-bm.026-pdu-pri-n06.vmware.com,eth0,0,00:19:85:00:80:1C,0,0,10000000,,"",, ,255.255.248.0,,,,,-1,,,,,
3819,sc9-bm.026-pdu-pri-h01.vmware.com,eth0,0,00:19:85:E0:AD:6F,0,0,10000000,,"",, ,255.255.248.0,,,,,-1,,,,,
3820,sc9-bm.026-pdu-pri-h04.vmware.com,eth0,0,00:19:85:E0:AD:34,0,0,10000000,,"",, ,255.255.248.0,,,,,-1,,,,,
3821,sc9-bm.026-pdu-pri-i03.vmware.com,eth0,0,00:19:85:00:80:21,0,0,10000000,,"",, ,255.255.248.0,,,,,-1,,,,,
3822,sc9-bm.026-pdu-red-k01.vmware.com,eth0,0,00:19:85:00:80:13,0,0,10000000,,"",, ,255.255.248.0,,,,,-1,,,,,
3823,sc9-bm.026-pdu-pri-k02.vmware.com,eth0,0,00:19:85:00:80:17,0,0,10000000,,"",, ,255.255.248.0,,,,,-1,,,,,
3824,sc9-bm.026-pdu-pri-k03.vmware.com,eth0,0,00:19:85:00:80:2B,0,0,10000000,,"",, ,255.255.248.0,,,,,-1,,,,,
3825,sc9-bm.026-pdu-red-k02.vmware.com,eth0,0,00:19:85:00:80:16,0,0,10000000,,"",, ,255.255.248.0,,,,,-1,,,,,
3826,sc9-bm.026-pdu-pri-k13.vmware.com,eth0,0,00:19:85:00:98:EF,0,0,10000000,,"",, ,255.255.248.0,,,,,-1,,,,,
3827,sc9-bm.026-pdu-red-k13.vmware.com,eth0,0,00:19:85:00:98:F4,0,0,10000000,,"",, ,255.255.248.0,,,,,-1,,,,,
3828,sc9-bm.026-pdu-pri-l05.vmware.com,eth0,0,00:19:85:00:80:36,0,0,10000000,,"",, ,255.255.248.0,,,,,-1,,,,,
3835,sc9-bm.026-pdu-pri-n02.vmware.com,eth0,0,00:19:85:00:72:B8,0,0,10000000,,"",, ,255.255.248.0,,,,,-1,,,,,
3836,sc9-bm.026-pdu-red-n05.vmware.com,eth0,0,00:19:85:00:80:22,0,0,10000000,,"",, ,255.255.248.0,,,,,-1,,,,,
3837,sc9-bm.026-pdu-red-n09.vmware.com,eth0,0,00:19:85:00:80:27,0,0,10000000,,"",, ,255.255.248.0,,,,,-1,,,,,
3838,sc9-bm.026-pdu-red-n10.vmware.com,eth0,0,00:19:85:00:72:AF,0,0,10000000,,"",, ,255.255.248.0,,,,,-1,,,,,
3839,sc9-bm.026-pdu-red-n06.vmware.com,eth0,0,00:19:85:00:80:20,0,0,10000000,,"",, ,255.255.248.0,,,,,-1,,,,,
3840,sc9-bm.026-pdu-pri-n11.vmware.com,eth0,0,00:19:85:00:8F:0E,0,0,10000000,,"",, ,255.255.248.0,,,,,-1,,,,,
3841,sc9-bm.026-pdu-pri-n12.vmware.com,eth0,0,00:19:85:00:8F:24,0,0,10000000,,"",, ,255.255.248.0,,,,,-1,,,,,
3842,sc9-bm.026-pdu-red-n11.vmware.com,eth0,0,00:19:85:00:8F:0F,0,0,10000000,,"",, ,255.255.248.0,,,,,-1,,,,,
3843,sc9-bm.026-pdu-red-n12.vmware.com,eth0,0,00:19:85:00:8F:1E,0,0,10000000,,"",, ,255.255.248.0,,,,,-1,,,,,
3844,sc9-bm.026-pdu-red-f06.vmware.com,eth0,0,00:19:85:00:80:24,0,0,10000000,,"",, ,255.255.248.0,,,,,-1,,,,,
3845,sc9-bm.026-pdu-red-f11.vmware.com,eth0,0,00:19:85:00:72:BC,0,0,10000000,,"",, ,255.255.248.0,,,,,-1,,,,,
3846,sc9-bm.026-pdu-pri-f08.vmware.com,eth0,0,00:19:85:00:8F:13,0,0,10000000,,"",, ,255.255.248.0,,,,,-1,,,,,
3847,sc9-bm.026-pdu-pri-f13.vmware.com,eth0,0,00:19:85:00:72:B7,0,0,10000000,,"",, ,255.255.248.0,,,,,-1,,,,,
3848,sc9-bm.026-pdu-pri-i01.vmware.com,eth0,0,00:19:85:00:80:2C,0,0,10000000,,"",, ,255.255.248.0,,,,,-1,,,,,
3849,sc9-bm.026-pdu-pri-h05.vmware.com,eth0,0,00:19:85:E3:23:7A,0,0,10000000,,"",, ,255.255.248.0,,,,,-1,,,,,
3925,sc9-bm.026-pdu-pri-k05.vmware.com,eth0,0,00:19:85:00:80:0D,0,0,10000000,,"",, ,255.255.248.0,,,,,-1,,,,,
3926,sc9-bm.026-pdu-pri-k07.vmware.com,eth0,0,00:19:85:00:8F:1F,0,0,10000000,,"",, ,255.255.248.0,,,,,-1,,,,,
