"timestamp","vcserver","cluster","vmhost","uuid","connectionstate","powerstate","vendor","model","memorysize","cpumodel","cpuhz","numcpupackages","numcpucores","numcputhreads","esxproductname","esxversion","esxbuild","serialnumber","biosversion","datacenter"
"2013-10-08 13:07:16","vc-dev-1.vmware.com",,"wdc-lt-rac-02.vmware.com","31393736-3831-5355-4532-34364d333250","connected","poweredOn","HP","ProLiant BL660c Gen8","549719302144","Intel(R) Xeon(R) CPU E5-4640 0 @ 2.40GHz","2399998492","4","32","64","VMware ESXi","5.0.0","1117897",,"I32","North America Remote Sites"
"2013-10-08 13:07:16","vc-dev-1.vmware.com",,"wdc-lt-rac-03.vmware.com","31393736-3831-5355-4532-34364d333253","connected","poweredOn","HP","ProLiant BL660c Gen8","549719302144","Intel(R) Xeon(R) CPU E5-4640 0 @ 2.40GHz","2399998512","4","32","64","VMware ESXi","5.0.0","1117897",,"I32","North America Remote Sites"
"2013-10-08 13:07:16","vc-dev-1.vmware.com",,"wdc-lt-rac-04.vmware.com","31393736-3831-5355-4532-34364d333254","connected","poweredOn","HP","ProLiant BL660c Gen8","549719302144","Intel(R) Xeon(R) CPU E5-4640 0 @ 2.40GHz","2399999040","4","32","64","VMware ESXi","5.0.0","1117897",,"I32","North America Remote Sites"
"2013-10-08 13:07:16","vc-dev-1.vmware.com",,"wdc-lt-rac-05.vmware.com","31393736-3831-5355-4532-34364d33324e","connected","poweredOn","HP","ProLiant BL660c Gen8","549719302144","Intel(R) Xeon(R) CPU E5-4640 0 @ 2.40GHz","2399998508","4","32","64","VMware ESXi","5.0.0","1117897",,"I32","North America Remote Sites"
"2013-10-08 13:07:16","vc-dev-1.vmware.com",,"wdc-lt-rac-06.vmware.com","31393736-3831-5355-4532-34384e395042","connected","poweredOn","HP","ProLiant BL660c Gen8","549719302144","Intel(R) Xeon(R) CPU E5-4640 0 @ 2.40GHz","2399998918","4","32","64","VMware ESXi","5.0.0","1117897",,"I32","North America Remote Sites"
"2013-10-08 13:07:16","vc-dev-1.vmware.com",,"wdc-lt-rac-01.vmware.com","31393736-3831-5355-4532-34364d33324d","connected","poweredOn","HP","ProLiant BL660c Gen8","549719302144","Intel(R) Xeon(R) CPU E5-4640 0 @ 2.40GHz","2399998488","4","32","64","VMware ESXi","5.0.0","1117897",,"I32","North America Remote Sites"
"2013-10-08 13:07:16","vc-dev-1.vmware.com",,"wdc-test-greenplum-01.vmware.com","31393736-3831-584d-5133-323330314857","connected","poweredOn","HP","ProLiant BL660c Gen8","549719302144","Intel(R) Xeon(R) CPU E5-4640 0 @ 2.40GHz","2399999510","4","32","64","VMware ESXi","5.1.0","1157734",,"I32","North America Remote Sites"
"2013-10-08 13:07:16","vc-dev-1.vmware.com",,"wdc-test-greenplum-02.vmware.com","31393736-3831-584d-5133-323330314858","connected","poweredOn","HP","ProLiant BL660c Gen8","549719302144","Intel(R) Xeon(R) CPU E5-4640 0 @ 2.40GHz","2399999778","4","32","64","VMware ESXi","5.1.0","1157734",,"I32","North America Remote Sites"
"2013-10-08 13:07:16","vc-dev-1.vmware.com",,"wdc-devtest4-1.vmware.com","38383135-3837-5355-4530-353135384545","connected","poweredOn","HP","ProLiant BL685c G7","274841903104","AMD Opteron(tm) Processor 6172","2099999800","4","48","48","VMware ESXi","5.1.0","799733",,"A20","North America Remote Sites"
"2013-10-08 13:07:16","vc-dev-1.vmware.com",,"wdc-devtest4-2.vmware.com","38383135-3837-5355-4530-353135384544","connected","poweredOn","HP","ProLiant BL685c G7","274841903104","AMD Opteron(tm) Processor 6172","2099999735","4","48","48","VMware ESXi","5.1.0","837262",,"A20","North America Remote Sites"
"2013-10-08 13:07:16","vc-dev-1.vmware.com",,"wdc-devtest4-3.vmware.com","38383135-3837-5355-4530-353135384548","connected","poweredOn","HP","ProLiant BL685c G7","274841903104","AMD Opteron(tm) Processor 6172","2099999684","4","48","48","VMware ESXi","5.1.0","837262",,"A20","North America Remote Sites"
"2013-10-08 13:07:16","vc-dev-1.vmware.com",,"wdc-devtest4-4.vmware.com","38383135-3837-5355-4530-353135384536","connected","poweredOn","HP","ProLiant BL685c G7","274841903104","AMD Opteron(tm) Processor 6172","2099999773","4","48","48","VMware ESXi","5.1.0","837262",,"A20","North America Remote Sites"
"2013-10-08 13:07:16","vc-dev-1.vmware.com",,"wdc-devtest4-5.vmware.com","38383135-3837-5355-4530-35313538454b","connected","poweredOn","HP","ProLiant BL685c G7","274841903104","AMD Opteron(tm) Processor 6172","2099999780","4","48","48","VMware ESXi","5.1.0","837262",,"A20","North America Remote Sites"
"2013-10-08 13:07:16","vc-dev-1.vmware.com",,"wdc-devtest4-6.vmware.com","38383135-3837-5355-4530-353135384539","connected","poweredOn","HP","ProLiant BL685c G7","274841903104","AMD Opteron(tm) Processor 6172","2099999639","4","48","48","VMware ESXi","5.1.0","837262",,"A20","North America Remote Sites"
"2013-10-08 13:07:16","vc-dev-1.vmware.com",,"wdc-devtest4-9.vmware.com","38383135-3837-5355-4530-353135384535","connected","poweredOn","HP","ProLiant BL685c G7","274841903104","AMD Opteron(tm) Processor 6172","2099999689","4","48","48","VMware ESXi","5.1.0","837262",,"A20","North America Remote Sites"
"2013-10-08 13:07:16","vc-dev-1.vmware.com",,"wdc-devtest4-10.vmware.com","38383135-3837-5355-4530-353135384537","connected","poweredOn","HP","ProLiant BL685c G7","274841903104","AMD Opteron(tm) Processor 6172","2099999715","4","48","48","VMware ESXi","5.1.0","837262",,"A20","North America Remote Sites"
"2013-10-08 13:07:16","vc-dev-1.vmware.com",,"wdc-devtest4-7.vmware.com","38383135-3837-5355-4530-353135384543","connected","poweredOn","HP","ProLiant BL685c G7","274841903104","AMD Opteron(tm) Processor 6172","2099999714","4","48","48","VMware ESXi","5.1.0","837262",,"A20","North America Remote Sites"
"2013-10-08 13:07:16","vc-dev-1.vmware.com",,"wdc-devtest4-8.vmware.com","38383135-3837-5355-4530-35313538454c","connected","poweredOn","HP","ProLiant BL685c G7","274841903104","AMD Opteron(tm) Processor 6172","2099999748","4","48","48","VMware ESXi","5.1.0","837262",,"A20","North America Remote Sites"
"2013-10-08 13:07:16","vc-dev-1.vmware.com",,"wdc-devtest1-8.vmware.com","34343335-3237-5553-4538-35304a423139","connected","poweredOn","HP","ProLiant BL680c G5","68715982848","Intel(R) Xeon(R) CPU           E7340  @ 2.40GHz","2400084591","4","16","16","VMware ESXi","5.0.0","1117897",,"I17","North America Remote Sites"
"2013-10-08 13:07:16","vc-dev-1.vmware.com",,"wdc-devtest1-14.vmware.com","34343335-3237-5553-4538-303839325752","connected","poweredOn","HP","ProLiant BL680c G5","68716048384","Intel(R) Xeon(R) CPU           E7340  @ 2.40GHz","2400084792","4","16","16","VMware ESXi","5.0.0","1117897",,"I17","North America Remote Sites"
"2013-10-08 13:07:16","vc-dev-1.vmware.com",,"wdc-devtest1-15.vmware.com","34343335-3237-5553-4538-30383932574b","connected","poweredOn","HP","ProLiant BL680c G5","68715982848","Intel(R) Xeon(R) CPU           E7340  @ 2.40GHz","2400084713","4","16","16","VMware ESXi","5.0.0","1117897",,"I17","North America Remote Sites"
"2013-10-08 13:07:16","vc-dev-1.vmware.com",,"wdc-devtest1-10.vmware.com","34343335-3237-5553-4538-35304a423141","connected","poweredOn","HP","ProLiant BL680c G5","68715982848","Intel(R) Xeon(R) CPU           E7340  @ 2.40GHz","2400084597","4","16","16","VMware ESXi","5.0.0","1117897",,"I17","North America Remote Sites"
"2013-10-08 13:07:16","vc-dev-1.vmware.com",,"wdc-devtest1-13.vmware.com","34343335-3237-5553-4538-35304a423158","connected","poweredOn","HP","ProLiant BL680c G5","68715982848","Intel(R) Xeon(R) CPU           E7340  @ 2.40GHz","2400084525","4","16","16","VMware ESXi","5.0.0","1117897",,"I17","North America Remote Sites"
"2013-10-08 13:07:16","vc-dev-1.vmware.com",,"wdc-devtest1-9.vmware.com","34343335-3237-5553-4538-35304a423157","connected","poweredOn","HP","ProLiant BL680c G5","68715982848","Intel(R) Xeon(R) CPU           E7340  @ 2.40GHz","2400085008","4","16","16","VMware ESXi","5.0.0","1117897",,"I17","North America Remote Sites"
"2013-10-08 13:07:16","vc-dev-1.vmware.com",,"wdc-devtest1-12.vmware.com","34343335-3237-5553-4538-35304a423137","connected","poweredOn","HP","ProLiant BL680c G5","68715982848","Intel(R) Xeon(R) CPU           E7340  @ 2.40GHz","2400084570","4","16","16","VMware ESXi","5.0.0","1117897",,"I17","North America Remote Sites"
"2013-10-08 13:07:16","vc-dev-1.vmware.com",,"wdc-devtest1-11.vmware.com","34343335-3237-5553-4538-35304a423233","connected","poweredOn","HP","ProLiant BL680c G5","68715982848","Intel(R) Xeon(R) CPU           E7340  @ 2.40GHz","2400084549","4","16","16","VMware ESXi","5.0.0","1117897",,"I17","North America Remote Sites"
"2013-10-08 13:07:16","vc-dev-1.vmware.com",,"wdc-devtest3-8.vmware.com","34343335-3237-5553-4538-303839325745","connected","poweredOn","HP","ProLiant BL680c G5","68715982848","Intel(R) Xeon(R) CPU           E7340  @ 2.40GHz","2400084615","4","16","16","VMware ESXi","5.0.0","1117897",,"I17","North America Remote Sites"
"2013-10-08 13:07:16","vc-dev-1.vmware.com",,"wdc-devtest3-6.vmware.com","34343335-3237-5553-4538-303839325746","connected","poweredOn","HP","ProLiant BL680c G5","68715982848","Intel(R) Xeon(R) CPU           E7340  @ 2.40GHz","2400084550","4","16","16","VMware ESXi","5.0.0","1117897",,"I17","North America Remote Sites"
"2013-10-08 13:07:16","vc-dev-1.vmware.com",,"wdc-devtest3-7.vmware.com","34343335-3237-5553-4538-303839325756","connected","poweredOn","HP","ProLiant BL680c G5","68715982848","Intel(R) Xeon(R) CPU           E7340  @ 2.40GHz","2400084543","4","16","16","VMware ESXi","5.0.0","1117897",,"I17","North America Remote Sites"
"2013-10-08 13:07:16","vc-dev-1.vmware.com",,"wdc-devtest3-5.vmware.com","34343335-3237-5553-4538-35304a423236","connected","poweredOn","HP","ProLiant BL680c G5","68715982848","Intel(R) Xeon(R) CPU           E7340  @ 2.40GHz","2400084868","4","16","16","VMware ESXi","5.0.0","1117897",,"I17","North America Remote Sites"
"2013-10-08 13:07:16","vc-dev-1.vmware.com",,"wdc-devtest3-4.vmware.com","34343335-3237-5553-4538-35304a423152","connected","poweredOn","HP","ProLiant BL680c G5","68715982848","Intel(R) Xeon(R) CPU           E7340  @ 2.40GHz","2400084735","4","16","16","VMware ESXi","5.0.0","1117897","USE850JB1R","I17","North America Remote Sites"
"2013-10-08 13:07:16","vc-dev-1.vmware.com",,"wdc-devtest3-1.vmware.com","34343335-3237-5553-4538-35324a4c4342","connected","poweredOn","HP","ProLiant BL680c G5","68715982848","Intel(R) Xeon(R) CPU           E7340  @ 2.40GHz","2400084552","4","16","16","VMware ESXi","5.0.0","1117897",,"I17","North America Remote Sites"
"2013-10-08 13:07:16","vc-dev-1.vmware.com",,"wdc-devtest1-7.vmware.com","34343335-3237-5553-4538-35304a423159","connected","poweredOn","HP","ProLiant BL680c G5","68715982848","Intel(R) Xeon(R) CPU           E7340  @ 2.40GHz","2400084627","4","16","16","VMware ESXi","5.0.0","1117897",,"I17","North America Remote Sites"
"2013-10-08 13:07:16","vc-dev-1.vmware.com",,"wdc-devtest1-1.vmware.com","34343335-3237-5553-4538-35304a42314d","connected","poweredOn","HP","ProLiant BL680c G5","68715982848","Intel(R) Xeon(R) CPU           E7340  @ 2.40GHz","2400084498","4","16","16","VMware ESXi","5.0.0","1117897",,"I17","North America Remote Sites"
"2013-10-08 13:07:16","vc-dev-1.vmware.com",,"wdc-devtest1-2.vmware.com","34343335-3237-5553-4538-35304a423234","connected","poweredOn","HP","ProLiant BL680c G5","68715982848","Intel(R) Xeon(R) CPU           E7340  @ 2.40GHz","2400084916","4","16","16","VMware ESXi","5.1.0","799733",,"I17","North America Remote Sites"
"2013-10-08 13:07:16","vc-dev-1.vmware.com",,"wdc-devtest1-3.vmware.com","34343335-3237-5553-4538-35304a423138","connected","poweredOn","HP","ProLiant BL680c G5","68715982848","Intel(R) Xeon(R) CPU           E7340  @ 2.40GHz","2400084234","4","16","16","VMware ESXi","5.0.0","1117897",,"I17","North America Remote Sites"
"2013-10-08 13:07:16","vc-dev-1.vmware.com",,"wdc-devtest1-4.vmware.com","34343335-3237-5553-4538-35304a423144","connected","poweredOn","HP","ProLiant BL680c G5","68715982848","Intel(R) Xeon(R) CPU           E7340  @ 2.40GHz","2400084724","4","16","16","VMware ESXi","5.0.0","1117897",,"I17","North America Remote Sites"
"2013-10-08 13:07:16","vc-dev-1.vmware.com",,"wdc-devtest1-5.vmware.com","34343335-3237-5553-4538-35304a423154","connected","poweredOn","HP","ProLiant BL680c G5","68715982848","Intel(R) Xeon(R) CPU           E7340  @ 2.40GHz","2400084498","4","16","16","VMware ESXi","5.0.0","1117897",,"I17","North America Remote Sites"
"2013-10-08 13:07:16","vc-dev-1.vmware.com",,"wdc-devtest1-6.vmware.com","34343335-3237-5553-4538-35304a42314a","connected","poweredOn","HP","ProLiant BL680c G5","68715982848","Intel(R) Xeon(R) CPU           E7340  @ 2.40GHz","2400084598","4","16","16","VMware ESXi","5.0.0","1117897",,"I17","North America Remote Sites"
"2013-10-08 13:07:16","vc-dev-1.vmware.com",,"wdc-itlab1-1.vmware.com","37333436-3538-5355-4531-333244544c36","connected","poweredOn","HP","ProLiant BL680c G7","549744906240","Intel(R) Xeon(R) CPU E7- 4850  @ 2.00GHz","1997833595","4","40","80","VMware ESXi","5.1.0","782859",,"I25","North America Remote Sites"
"2013-10-08 13:07:16","vc-dev-1.vmware.com",,"wdc-itlab1-4.vmware.com","00000000-0000-5755-4330-433956305a30","connected","poweredOn","HP","ProLiant BL680c G7","549744910336","Intel(R) Xeon(R) CPU E7- 4850  @ 2.00GHz","1997833544","4","40","80","VMware ESXi","5.0.0","821926",,"I25","North America Remote Sites"
"2013-10-08 13:07:16","vc-dev-1.vmware.com",,"itops-optest-3.vmware.com","00000000-0000-5553-4530-3435334d3234","disconnected","unknown","HP","ProLiant BL685c G7","274841894912","AMD Opteron(tm) Processor 6174","2199999035","4","48","48","VMware ESXi","5.0.0","623860",,"A20","North America Remote Sites"
"2013-10-08 13:07:16","vc-dev-1.vmware.com",,"itops-optest-1.vmware.com","35313838-3738-5553-4530-343233324a53","notResponding","unknown","HP","ProLiant BL685c G7","274841903104","AMD Opteron(tm) Processor 6174","2199999205","4","48","48","VMware ESXi","5.0.0","623860",,"A20","North America Remote Sites"
"2013-10-08 13:07:16","vc-dev-1.vmware.com",,"itops-optest-2.vmware.com","35313838-3738-5553-4530-343233324a54","notResponding","unknown","HP","ProLiant BL685c G7","274841899008","AMD Opteron(tm) Processor 6174","2199999014","4","48","48","VMware ESXi","5.0.0","623860",,"A20","North America Remote Sites"
"2013-10-08 13:07:16","vc-dev-1.vmware.com",,"wdc-loadtest-vmg1-1.vmware.com","34343335-3237-5553-4538-35324a4c4345","connected","poweredOn","HP","ProLiant BL680c G5","137435459584","Intel(R) Xeon(R) CPU           E7340  @ 2.40GHz","2400084613","4","16","16","VMware ESXi","5.0.0","1117897",,"I17","North America Remote Sites"
"2013-10-08 13:07:16","vc-dev-1.vmware.com",,"wdc-loadtest-vmg1-10.vmware.com","34343335-3237-5553-4538-35324a4c4338","connected","poweredOn","HP","ProLiant BL680c G5","68715982848","Intel(R) Xeon(R) CPU           E7340  @ 2.40GHz","2400084597","4","16","16","VMware ESXi","5.0.0","1117897",,"I17","North America Remote Sites"
"2013-10-08 13:07:16","vc-dev-1.vmware.com",,"wdc-loadtest-vmg1-12.vmware.com","34343335-3237-5553-4538-35324a4c4333","connected","poweredOn","HP","ProLiant BL680c G5","68715982848","Intel(R) Xeon(R) CPU           E7340  @ 2.40GHz","2400084523","4","16","16","VMware ESXi","5.0.0","1117897",,"I17","North America Remote Sites"
"2013-10-08 13:07:16","vc-dev-1.vmware.com",,"wdc-loadtest-vmg1-11.vmware.com","34343335-3237-5553-4538-35304a423148","connected","poweredOn","HP","ProLiant BL680c G5","68715982848","Intel(R) Xeon(R) CPU           E7340  @ 2.40GHz","2400084512","4","16","16","VMware ESXi","5.0.0","1117897",,"I17","North America Remote Sites"
"2013-10-08 13:07:16","vc-dev-1.vmware.com",,"wdc-loadtest-vmg1-2.vmware.com","34343335-3237-5553-4538-35324a4c4332","connected","poweredOn","HP","ProLiant BL680c G5","137435459584","Intel(R) Xeon(R) CPU           E7340  @ 2.40GHz","2400084439","4","16","16","VMware ESXi","5.0.0","1117897",,"I17","North America Remote Sites"
"2013-10-08 13:07:16","vc-dev-1.vmware.com",,"wdc-loadtest-vmg1-3.vmware.com","34343335-3237-5553-4538-35324a4c4343","connected","poweredOn","HP","ProLiant BL680c G5","68715982848","Intel(R) Xeon(R) CPU           E7340  @ 2.40GHz","2400084550","4","16","16","VMware ESXi","5.0.0","1117897",,"I17","North America Remote Sites"
"2013-10-08 13:07:16","vc-dev-1.vmware.com",,"wdc-loadtest-vmg1-5.vmware.com","34343335-3237-5553-4538-35304a423143","connected","poweredOn","HP","ProLiant BL680c G5","68716048384","Intel(R) Xeon(R) CPU           E7340  @ 2.40GHz","2400084802","4","16","16","VMware ESXi","5.0.0","1117897",,"I17","North America Remote Sites"
"2013-10-08 13:07:16","vc-dev-1.vmware.com",,"wdc-loadtest-vmg1-6.vmware.com","34343335-3237-5553-4538-35304a423146","connected","poweredOn","HP","ProLiant BL680c G5","68716048384","Intel(R) Xeon(R) CPU           E7340  @ 2.40GHz","2400084897","4","16","16","VMware ESXi","5.0.0","1117897",,"I17","North America Remote Sites"
"2013-10-08 13:07:16","vc-dev-1.vmware.com",,"wdc-loadtest-vmg1-7.vmware.com","34343335-3237-5553-4538-35304a423231","connected","poweredOn","HP","ProLiant BL680c G5","68715982848","Intel(R) Xeon(R) CPU           E7340  @ 2.40GHz","2400084570","4","16","16","VMware ESXi","5.0.0","1117897","USE850JB21","I17","North America Remote Sites"
"2013-10-08 13:07:16","vc-dev-1.vmware.com",,"wdc-loadtest-vmg1-8.vmware.com","34343335-3237-5553-4538-35304a42314b","connected","poweredOn","HP","ProLiant BL680c G5","68715982848","Intel(R) Xeon(R) CPU           E7340  @ 2.40GHz","2400084593","4","16","16","VMware ESXi","5.0.0","1117897",,"I17","North America Remote Sites"
"2013-10-08 13:07:16","vc-dev-1.vmware.com",,"wdc-loadtest-vmg1-9.vmware.com","34343335-3237-5553-4538-35304a423235","connected","poweredOn","HP","ProLiant BL680c G5","68715982848","Intel(R) Xeon(R) CPU           E7340  @ 2.40GHz","2400084617","4","16","16","VMware ESXi","5.0.0","1117897",,"I17","North America Remote Sites"
"2013-10-08 13:07:16","vc-dev-1.vmware.com",,"wdc-loadtest-vmg1-4.vmware.com","34343335-3237-5553-4538-35324a4c4341","connected","poweredOn","HP","ProLiant BL680c G5","68715982848","Intel(R) Xeon(R) CPU           E7340  @ 2.40GHz","2400084552","4","16","16","VMware ESXi","5.0.0","1117897",,"I17","North America Remote Sites"
"2013-10-08 13:07:16","vc-dev-1.vmware.com",,"wdc-lt-vmg1-3.vmware.com","37333036-3931-5355-4531-33394654584e","connected","poweredOn","HP","ProLiant BL490c G7","154608021504","Intel(R) Xeon(R) CPU           X5675  @ 3.07GHz","3066774312","2","12","24","VMware ESXi","5.0.0","1117897",,"I28","North America Remote Sites"
"2013-10-08 13:07:16","vc-dev-1.vmware.com",,"wdc-lt-vmg1-4.vmware.com","37333036-3931-5355-4531-333946545850","connected","poweredOn","HP","ProLiant BL490c G7","154608021504","Intel(R) Xeon(R) CPU           X5675  @ 3.07GHz","3066774640","2","12","24","VMware ESXi","5.0.0","1117897",,"I28","North America Remote Sites"
"2013-10-08 13:07:16","vc-dev-1.vmware.com",,"wdc-lt-vmg1-5.vmware.com","37333036-3931-5355-4531-333946545853","connected","poweredOn","HP","ProLiant BL490c G7","154608021504","Intel(R) Xeon(R) CPU           X5675  @ 3.07GHz","3066775188","2","12","24","VMware ESXi","5.0.0","1117897",,"I28","North America Remote Sites"
"2013-10-08 13:07:16","vc-dev-1.vmware.com",,"wdc-lt-vmg1-6.vmware.com","37333036-3931-5355-4531-333946545852","connected","poweredOn","HP","ProLiant BL490c G7","154608021504","Intel(R) Xeon(R) CPU           X5675  @ 3.07GHz","3066775041","2","12","24","VMware ESXi","5.0.0","1117897",,"I28","North America Remote Sites"
"2013-10-08 13:07:16","vc-dev-1.vmware.com",,"wdc-lt-vmg1-7.vmware.com","37333036-3931-5355-4531-313238355353","connected","poweredOn","HP","ProLiant BL490c G7","103068413952","Intel(R) Xeon(R) CPU           X5650  @ 2.67GHz","2666760900","2","12","24","VMware ESXi","5.0.0","914586",,"I28","North America Remote Sites"
"2013-10-08 13:07:16","vc-dev-1.vmware.com",,"wdc-lt-vmg1-8.vmware.com","37333036-3931-5355-4531-313238355357","connected","poweredOn","HP","ProLiant BL490c G7","103068418048","Intel(R) Xeon(R) CPU           X5650  @ 2.67GHz","2666761022","2","12","24","VMware ESXi","5.0.0","914586",,"I28","North America Remote Sites"
"2013-10-08 13:07:16","vc-dev-1.vmware.com",,"wdc-lt-vmg2-2.vmware.com","37333436-3638-5355-4531-34364b573554","connected","poweredOn","HP","ProLiant BL620c G7","274867003392","Intel(R) Xeon(R) CPU E7- 2870  @ 2.40GHz","2397399820","2","20","40","VMware ESXi","5.0.0","1117897",,"I25","North America Remote Sites"
"2013-10-08 13:07:16","vc-dev-1.vmware.com",,"wdc-lt-vmg2-1.vmware.com","37333436-3638-5355-4531-34364b57354d","connected","poweredOn","HP","ProLiant BL620c G7","274866999296","Intel(R) Xeon(R) CPU E7- 2870  @ 2.40GHz","2397400184","2","20","40","VMware ESXi","5.0.0","1117897",,"I25","North America Remote Sites"
"2013-10-08 13:07:16","vc-dev-1.vmware.com",,"wdc-qai-vmg1-1.vmware.com","34393133-3338-5553-4530-313359575046","connected","poweredOn","HP","ProLiant BL685c G6","137435582464","Six-Core AMD Opteron(tm) Processor 8435","2600091014","4","24","24","VMware ESXi","5.0.0","1117897",,"A17","North America Remote Sites"
"2013-10-08 13:07:16","vc-dev-1.vmware.com",,"wdc-qai-vmg1-2.vmware.com","34393133-3338-5553-4530-313359575038","connected","poweredOn","HP","ProLiant BL685c G6","137435582464","Six-Core AMD Opteron(tm) Processor 8435","2600091038","4","24","24","VMware ESXi","5.0.0","1117897",,"A17","North America Remote Sites"
"2013-10-08 13:07:16","vc-dev-1.vmware.com",,"wdc-qai-vmg1-3.vmware.com","34393133-3338-5553-4530-31335957504c","connected","poweredOn","HP","ProLiant BL685c G6","137435582464","Six-Core AMD Opteron(tm) Processor 8435","2600091216","4","24","24","VMware ESXi","5.0.0","1117897",,"A17","North America Remote Sites"
"2013-10-08 13:07:16","vc-dev-1.vmware.com",,"wdc-qai-vmg1-4.vmware.com","34393133-3338-5553-4530-313359575042","connected","poweredOn","HP","ProLiant BL685c G6","137435582464","Six-Core AMD Opteron(tm) Processor 8435","2600091356","4","24","24","VMware ESXi","5.0.0","1117897",,"A17","North America Remote Sites"
"2013-10-08 13:07:16","vc-dev-1.vmware.com",,"wdc-qai-vmg1-5.vmware.com","34393133-3338-5553-4530-313359575037","connected","poweredOn","HP","ProLiant BL685c G6","137435582464","Six-Core AMD Opteron(tm) Processor 8435","2600091090","4","24","24","VMware ESXi","5.0.0","1117897",,"A17","North America Remote Sites"
"2013-10-08 13:07:16","vc-dev-1.vmware.com",,"wdc-qai-vmg1-6.vmware.com","34393133-3338-5553-4530-313359575043","connected","poweredOn","HP","ProLiant BL685c G6","137435582464","Six-Core AMD Opteron(tm) Processor 8435","2600090986","4","24","24","VMware ESXi","5.0.0","1117897",,"A17","North America Remote Sites"
"2013-10-08 13:07:16","vc-dev-1.vmware.com",,"wdc-qai-vmg1-7.vmware.com","34393133-3338-5553-4530-31335957504a","connected","poweredOn","HP","ProLiant BL685c G6","137435582464","Six-Core AMD Opteron(tm) Processor 8435","2600091343","4","24","24","VMware ESXi","5.0.0","1117897",,"A17","North America Remote Sites"
"2013-10-08 13:07:16","vc-dev-1.vmware.com",,"wdc-qai-vmg1-8.vmware.com","34393133-3338-5553-4530-313359575035","connected","poweredOn","HP","ProLiant BL685c G6","137435582464","Six-Core AMD Opteron(tm) Processor 8435","2600091147","4","24","24","VMware ESXi","5.0.0","1117897",,"A17","North America Remote Sites"
"2013-10-08 13:07:16","vc-dev-1.vmware.com",,"wdc-uat-vmg1-9.vmware.com","34393133-3338-5553-4530-303658443450","connected","poweredOn","HP","ProLiant BL685c G6","137435582464","Six-Core AMD Opteron(tm) Processor 8435","2600091050","4","24","24","VMware ESXi","5.0.0","1117897","USE006XD4P","A17","North America Remote Sites"
"2013-10-08 13:07:16","vc-dev-1.vmware.com",,"wdc-uat-vmg1-10.vmware.com","34393133-3338-5553-4530-30365844344a","connected","poweredOn","HP","ProLiant BL685c G6","137435582464","Six-Core AMD Opteron(tm) Processor 8435","2600092014","4","24","24","VMware ESXi","5.5.0","1331820","USE006XD4J","A17","North America Remote Sites"
"2013-10-08 13:07:16","vc-dev-1.vmware.com",,"wdc-uat-vmg1-11.vmware.com","34393133-3338-5553-4530-303658443530","connected","poweredOn","HP","ProLiant BL685c G6","137435582464","Six-Core AMD Opteron(tm) Processor 8435","2600091174","4","24","24","VMware ESXi","5.0.0","1117897",,"A17","North America Remote Sites"
"2013-10-08 13:07:16","vc-dev-1.vmware.com",,"wdc-uat-vmg1-12.vmware.com","34393133-3338-5553-4530-303658443448","connected","poweredOn","HP","ProLiant BL685c G6","137435582464","Six-Core AMD Opteron(tm) Processor 8435","2600091117","4","24","24","VMware ESXi","5.0.0","914586",,"A17","North America Remote Sites"
"2013-10-08 13:07:16","vc-dev-1.vmware.com",,"wdc-uat-vmg1-13.vmware.com","34393133-3338-5553-4530-303658443453","connected","poweredOn","HP","ProLiant BL685c G6","137435582464","Six-Core AMD Opteron(tm) Processor 8435","2600091254","4","24","24","VMware ESXi","5.0.0","914586",,"A17","North America Remote Sites"
"2013-10-08 13:07:16","vc-dev-1.vmware.com",,"wdc-uat-vmg1-14.vmware.com","34393133-3338-5553-4530-303658443454","connected","poweredOn","HP","ProLiant BL685c G6","137435582464","Six-Core AMD Opteron(tm) Processor 8435","2600090934","4","24","24","VMware ESXi","5.0.0","1117897",,"A17","North America Remote Sites"
"2013-10-08 13:07:16","vc-dev-1.vmware.com",,"wdc-uat-vmg1-15.vmware.com","34393133-3338-5553-4530-30365844344e","connected","poweredOn","HP","ProLiant BL685c G6","137435582464","Six-Core AMD Opteron(tm) Processor 8435","2600091433","4","24","24","VMware ESXi","5.0.0","1117897",,"A17","North America Remote Sites"
"2013-10-08 13:07:16","vc-dev-1.vmware.com",,"wdc-uat-vmg1-16.vmware.com","34393133-3338-5553-4530-303658443452","connected","poweredOn","HP","ProLiant BL685c G6","137435582464","Six-Core AMD Opteron(tm) Processor 8435","2600091097","4","24","24","VMware ESXi","5.0.0","1117897",,"A17","North America Remote Sites"
"2013-10-08 13:07:16","vc-dev-1.vmware.com",,"wdc-uat-vmg1-2.vmware.com","34393133-3338-5553-4530-30365844344c","connected","poweredOn","HP","ProLiant BL685c G6","137435582464","Six-Core AMD Opteron(tm) Processor 8435","2600091984","4","24","24","VMware ESXi","5.5.0","1331820","USE006XD4L","A17","North America Remote Sites"
"2013-10-08 13:07:16","vc-dev-1.vmware.com",,"wdc-uat-vmg1-3.vmware.com","34393133-3338-5553-4530-303658443457","connected","poweredOn","HP","ProLiant BL685c G6","137435582464","Six-Core AMD Opteron(tm) Processor 8435","2600092003","4","24","24","VMware ESXi","5.5.0","1331820","USE006XD4W","A17","North America Remote Sites"
"2013-10-08 13:07:16","vc-dev-1.vmware.com",,"wdc-uat-vmg1-4.vmware.com","34393133-3338-5553-4530-303658443458","connected","poweredOn","HP","ProLiant BL685c G6","137435582464","Six-Core AMD Opteron(tm) Processor 8435","2600091977","4","24","24","VMware ESXi","5.5.0","1331820","USE006XD4X","A17","North America Remote Sites"
"2013-10-08 13:07:16","vc-dev-1.vmware.com",,"wdc-uat-vmg1-5.vmware.com","34393133-3338-5553-4530-303658443531","connected","poweredOn","HP","ProLiant BL685c G6","137435582464","Six-Core AMD Opteron(tm) Processor 8435","2600092015","4","24","24","VMware ESXi","5.5.0","1331820","USE006XD51","A17","North America Remote Sites"
"2013-10-08 13:07:16","vc-dev-1.vmware.com",,"wdc-uat-vmg1-6.vmware.com","34393133-3338-5553-4530-30365844344b","connected","poweredOn","HP","ProLiant BL685c G6","137435582464","Six-Core AMD Opteron(tm) Processor 8435","2600091959","4","24","24","VMware ESXi","5.5.0","1331820","USE006XD4K","A17","North America Remote Sites"
"2013-10-08 13:07:16","vc-dev-1.vmware.com",,"wdc-uat-vmg1-7.vmware.com","34393133-3338-5553-4530-303658443459","connected","poweredOn","HP","ProLiant BL685c G6","137435582464","Six-Core AMD Opteron(tm) Processor 8435","2600091180","4","24","24","VMware ESXi","5.0.0","914586",,"A17","North America Remote Sites"
"2013-10-08 13:07:16","vc-dev-1.vmware.com",,"wdc-uat-vmg1-8.vmware.com","34393133-3338-5553-4530-303658443456","connected","poweredOn","HP","ProLiant BL685c G6","137435582464","Six-Core AMD Opteron(tm) Processor 8435","2600091497","4","24","24","VMware ESXi","5.0.0","1117897",,"A17","North America Remote Sites"
"2013-10-08 13:07:16","vc-dev-1.vmware.com",,"wdc-uat-vmg1-1.vmware.com","34393133-3338-5553-4530-30365844344d","connected","poweredOn","HP","ProLiant BL685c G6","137435582464","Six-Core AMD Opteron(tm) Processor 8435","2600092094","4","24","24","VMware ESXi","5.5.0","1331820","USE006XD4M","A17","North America Remote Sites"
"2013-10-08 13:07:16","vc-dev-1.vmware.com",,"10.112.178.148","564d19a0-856b-dabb-361b-1588581832de","notResponding","unknown","VMware, Inc.","VMware Virtual Platform","4294430720","Intel(R) Xeon(R) CPU           E5310  @ 1.60GHz","1595926000","1","2","2","VMware ESXi","5.0.0","914586",,"6.00","North America Remote Sites"
"2013-10-08 13:07:16","vc-dev-1.vmware.com",,"osdc-ph3-vmg1-2.vmware.com","34303530-3234-5553-4537-333836393234","connected","poweredOn","HP","ProLiant BL685c G1","68717162496","Dual-Core AMD Opteron(tm) Processor 8218","2612035840","4","8","8","VMware ESXi","5.0.0","1117897",,"A08","Palo Alto"
"2013-10-08 13:07:16","vc-dev-1.vmware.com",,"osdc-ph3-vmg1-3.vmware.com","34303530-3234-5553-4537-333836414c45","connected","poweredOn","HP","ProLiant BL685c G1","68717162496","Dual-Core AMD Opteron(tm) Processor 8218","2612036342","4","8","8","VMware ESXi","5.0.0","1117897",,"A08","Palo Alto"
"2013-10-08 13:07:16","vc-dev-1.vmware.com",,"osdc-ph3-vmg1-4.vmware.com","34303530-3234-5553-4537-333836393235","connected","poweredOn","HP","ProLiant BL685c G1","68717162496","Dual-Core AMD Opteron(tm) Processor 8218","2612036194","4","8","8","VMware ESXi","5.0.0","1117897",,"A08","Palo Alto"
"2013-10-08 13:07:16","vc-dev-1.vmware.com",,"osdc-ph3-vmg1-5.vmware.com","34303530-3234-5553-4537-343537364c44","connected","poweredOn","HP","ProLiant BL685c G1","68717162496","Dual-Core AMD Opteron(tm) Processor 8218","2612036043","4","8","8","VMware ESXi","5.0.0","1117897",,"A08","Palo Alto"
"2013-10-08 13:07:16","vc-dev-1.vmware.com",,"osdc-ph3-vmg1-7.vmware.com","34303530-3234-5553-4537-343537364c50","connected","poweredOn","HP","ProLiant BL685c G1","68717162496","Dual-Core AMD Opteron(tm) Processor 8218","2612035849","4","8","8","VMware ESXi","5.0.0","1117897",,"A08","Palo Alto"
"2013-10-08 13:07:16","vc-dev-1.vmware.com",,"osdc-ph3-vmg1-8.vmware.com","34303530-3234-7573-6537-343537366c72","connected","poweredOn","HP","ProLiant BL685c G1","68717162496","Dual-Core AMD Opteron(tm) Processor 8218","2612036034","4","8","8","VMware ESXi","5.0.0","1117897",,"A08","Palo Alto"
"2013-10-08 13:07:16","vc-dev-1.vmware.com",,"osdc-ph3-vmg1-9.vmware.com","34303530-3234-5553-4537-343537364c53","connected","poweredOn","HP","ProLiant BL685c G1","68717162496","Dual-Core AMD Opteron(tm) Processor 8218","2612036024","4","8","8","VMware ESXi","5.0.0","1117897",,"A08","Palo Alto"
"2013-10-08 13:07:16","vc-dev-1.vmware.com",,"osdc-ph3-vmg1-1.vmware.com","34303530-3234-5553-4537-313533573236","connected","poweredOn","HP","ProLiant BL685c G1","68717162496","Dual-Core AMD Opteron(tm) Processor 8218","2612035842","4","8","8","VMware ESXi","5.0.0","1117897",,"A08","Palo Alto"
"2013-10-08 13:07:16","vc-dev-1.vmware.com",,"osdc-ph3-vmg1-6.vmware.com","34303530-3234-5553-4537-343537364c46","connected","poweredOn","HP","ProLiant BL685c G1","68717162496","Dual-Core AMD Opteron(tm) Processor 8218","2612036067","4","8","8","VMware ESXi","5.0.0","1117897",,"A08","Palo Alto"
"2013-10-08 13:07:16","vc-dev-1.vmware.com",,"osdc-ph3-vmg2-1.vmware.com","34343335-3237-5553-4538-303939364246","connected","poweredOn","HP","ProLiant BL680c G5","68715982848","Intel(R) Xeon(R) CPU           E7340  @ 2.40GHz","2400084548","4","16","16","VMware ESXi","5.0.0","1117897",,"I17","Palo Alto"
"2013-10-08 13:07:16","vc-dev-1.vmware.com",,"osdc-ph3-vmg2-5.vmware.com","34343335-3237-5553-4538-303939364339","connected","poweredOn","HP","ProLiant BL680c G5","68715982848","Intel(R) Xeon(R) CPU           E7340  @ 2.40GHz","2400084678","4","16","16","VMware ESXi","5.0.0","1117897",,"I17","Palo Alto"
"2013-10-08 13:07:16","vc-dev-1.vmware.com",,"osdc-ph3-vmg2-3.vmware.com","34343335-3237-5553-4538-303939364254","connected","poweredOn","HP","ProLiant BL680c G5","68715982848","Intel(R) Xeon(R) CPU           E7340  @ 2.40GHz","2400084591","4","16","16","VMware ESXi","5.0.0","1117897",,"I17","Palo Alto"
"2013-10-08 13:07:16","vc-dev-1.vmware.com",,"osdc-ph3-vmg2-4.vmware.com","34343335-3237-5553-4538-303939364243","connected","poweredOn","HP","ProLiant BL680c G5","68715982848","Intel(R) Xeon(R) CPU           E7340  @ 2.40GHz","2400084700","4","16","16","VMware ESXi","5.0.0","1117897",,"I17","Palo Alto"
"2013-10-08 13:07:16","vc-dev-1.vmware.com",,"osdc-ph3-vmg2-6.vmware.com","34343335-3237-5553-4538-303939364242","connected","poweredOn","HP","ProLiant BL680c G5","68715982848","Intel(R) Xeon(R) CPU           E7340  @ 2.40GHz","2400084479","4","16","16","VMware ESXi","5.0.0","1117897",,"I17","Palo Alto"
"2013-10-08 13:07:16","vc-dev-1.vmware.com",,"osdc-ph3-vmg2-7.vmware.com","34343335-3237-5553-4538-303939364153","connected","poweredOn","HP","ProLiant BL680c G5","68715982848","Intel(R) Xeon(R) CPU           E7340  @ 2.40GHz","2400084553","4","16","16","VMware ESXi","5.0.0","1117897",,"I17","Palo Alto"
"2013-10-08 13:07:16","vc-dev-1.vmware.com",,"osdc-ph3-vmg2-9.vmware.com","34343335-3237-5553-4538-303939364258","connected","poweredOn","HP","ProLiant BL680c G5","68715982848","Intel(R) Xeon(R) CPU           E7340  @ 2.40GHz","2400084525","4","16","16","VMware ESXi","5.0.0","1117897",,"I17","Palo Alto"
"2013-10-08 13:07:16","vc-dev-1.vmware.com",,"osdc-ph3-vmg2-2.vmware.com","34343335-3237-5553-4538-303939364232","connected","poweredOn","HP","ProLiant BL680c G5","68715982848","Intel(R) Xeon(R) CPU           E7340  @ 2.40GHz","2400084452","4","16","16","VMware ESXi","5.0.0","1117897",,"I17","Palo Alto"
"2013-10-08 13:07:16","vc-dev-1.vmware.com",,"osdc-ph3-vmg2-8.vmware.com","34343335-3237-5553-4538-30393936424e","connected","poweredOn","HP","ProLiant BL680c G5","68715982848","Intel(R) Xeon(R) CPU           E7340  @ 2.40GHz","2400084994","4","16","16","VMware ESXi","5.0.0","1117897",,"I17","Palo Alto"
"2013-10-08 13:07:16","vc-dev-1.vmware.com",,"osdc-ph3-wopsvmg1-4.vmware.com","34303530-3234-5553-4537-343236534636","connected","poweredOn","HP","ProLiant BL685c G1","68717162496","Dual-Core AMD Opteron(tm) Processor 8218","2612036074","4","8","8","VMware ESXi","5.0.0","1117897",,"A08","Palo Alto"
"2013-10-08 13:07:16","vc-dev-1.vmware.com",,"osdc-ph3-wopsvmg1-5.vmware.com","34303530-3234-5553-4537-343236533042","disconnected","unknown","HP","ProLiant BL685c G1","34357424128","Dual-Core AMD Opteron(tm) Processor 8218","2612036236","4","8","8","VMware ESXi","5.0.0","1117897",,"A08","Palo Alto"
"2013-10-08 13:07:16","vc-dev-1.vmware.com",,"osdc-ph3-wopsvmg1-6.vmware.com","34303530-3234-5553-4537-343236534637","connected","poweredOn","HP","ProLiant BL685c G1","68717162496","Dual-Core AMD Opteron(tm) Processor 8218","2612035696","4","8","8","VMware ESXi","5.0.0","1117897",,"A08","Palo Alto"
"2013-10-08 13:07:16","vc-dev-1.vmware.com",,"osdc-ph3-wopsvmg1-1.vmware.com","34303530-3234-5553-4537-343236533041","connected","poweredOn","HP","ProLiant BL685c G1","34357424128","Dual-Core AMD Opteron(tm) Processor 8218","2612035714","4","8","8","VMware ESXi","5.0.0","1117897",,"A08","Palo Alto"
"2013-10-08 13:07:16","vc-dev-1.vmware.com",,"osdc-ph3-wopsvmg1-2.vmware.com","34303530-3234-5553-4537-343236533038","connected","poweredOn","HP","ProLiant BL685c G1","34357424128","Dual-Core AMD Opteron(tm) Processor 8218","2612035877","4","8","8","VMware ESXi","5.0.0","1117897",,"A08","Palo Alto"
"2013-10-08 13:07:16","vc-dev-1.vmware.com",,"osdc-ph3-wopsvmg1-3.vmware.com","34303530-3234-5553-4537-343236533039","connected","poweredOn","HP","ProLiant BL685c G1","34357424128","Dual-Core AMD Opteron(tm) Processor 8218","2612036219","4","8","8","VMware ESXi","5.0.0","1117897",,"A08","Palo Alto"
"2013-10-08 13:07:16","vc-dev-1.vmware.com",,"sc9-vf-dev1-09.vmware.com","37333036-3931-5355-4531-31323835534b","connected","poweredOn","HP","ProLiant BL490c G7","103068413952","Intel(R) Xeon(R) CPU           X5650  @ 2.67GHz","2666760513","2","12","24","VMware ESXi","5.0.0","1117897",,"I28","SC9"
"2013-10-08 13:07:16","vc-dev-1.vmware.com",,"sc9-vf-dev1-08.vmware.com","37333036-3931-5355-4531-313238355433","connected","poweredOn","HP","ProLiant BL490c G7","103068413952","Intel(R) Xeon(R) CPU           X5650  @ 2.67GHz","2666760602","2","12","24","VMware ESXi","5.0.0","1117897",,"I28","SC9"
"2013-10-08 13:07:16","vc-dev-1.vmware.com",,"sc9-vf-dev1-01.vmware.com","37333036-3931-5355-4531-313138305634","connected","poweredOn","HP","ProLiant BL490c G7","154608021504","Intel(R) Xeon(R) CPU           X5670  @ 2.93GHz","2933436713","2","12","24","VMware ESXi","5.0.0","1117897",,"I28","SC9"
"2013-10-08 13:07:16","vc-dev-1.vmware.com",,"sc9-vf-dev1-02.vmware.com","37333036-3931-5355-4531-313138305632","connected","poweredOn","HP","ProLiant BL490c G7","154608021504","Intel(R) Xeon(R) CPU           X5670  @ 2.93GHz","2933436900","2","12","24","VMware ESXi","5.0.0","1117897",,"I28","SC9"
"2013-10-08 13:07:16","vc-dev-1.vmware.com",,"sc9-vf-dev1-03.vmware.com","37333036-3931-5355-4531-333345364b56","connected","poweredOn","HP","ProLiant BL490c G7","154608021504","Intel(R) Xeon(R) CPU           X5675  @ 3.07GHz","3066774727","2","12","24","VMware ESXi","5.0.0","1117897",,"I28","SC9"
"2013-10-08 13:07:16","vc-dev-1.vmware.com",,"sc9-vf-dev1-04.vmware.com","37333036-3931-5355-4531-333345364b58","connected","poweredOn","HP","ProLiant BL490c G7","154608021504","Intel(R) Xeon(R) CPU           X5675  @ 3.07GHz","3066775118","2","12","24","VMware ESXi","5.0.0","1117897",,"I28","SC9"
"2013-10-08 13:07:16","vc-dev-1.vmware.com",,"sc9-vf-dev1-07.vmware.com","37333036-3931-5355-4531-34374c454444","connected","poweredOn","HP","ProLiant BL490c G7","154608021504","Intel(R) Xeon(R) CPU           X5675  @ 3.07GHz","3066774722","2","12","24","VMware ESXi","5.0.0","1117897",,"I28","SC9"
"2013-10-08 13:07:16","vc-dev-1.vmware.com",,"sc9-vf-dev1-06.vmware.com","37333036-3931-5355-4531-34374c454442","connected","poweredOn","HP","ProLiant BL490c G7","154608021504","Intel(R) Xeon(R) CPU           X5675  @ 3.07GHz","3066775230","2","12","24","VMware ESXi","5.0.0","1117897",,"I28","SC9"
"2013-10-08 13:07:16","vc-dev-1.vmware.com",,"sc9-vf-dev1-05.vmware.com","37333036-3931-5355-4531-34374c454441","connected","poweredOn","HP","ProLiant BL490c G7","154608021504","Intel(R) Xeon(R) CPU           X5675  @ 3.07GHz","3066775233","2","12","24","VMware ESXi","5.0.0","1117897",,"I28","SC9"
"2013-10-08 13:07:16","vc-dev-1.vmware.com",,"sc9-vf-dev2-01.vmware.com","38383135-3837-5355-4532-323135334c54","connected","poweredOn","HP","ProLiant BL685c G7","549719810048","AMD Opteron(TM) Processor 6276                 ","2299998760","4","64","64","VMware ESXi","5.0.0","914586",,"A20","SC9"
"2013-10-08 13:07:16","vc-dev-1.vmware.com",,"sc9-vf-dev2-02.vmware.com","38383135-3837-5355-4532-323135334c57","connected","poweredOn","HP","ProLiant BL685c G7","549719810048","AMD Opteron(TM) Processor 6276                 ","2299998860","4","64","64","VMware ESXi","5.0.0","914586",,"A20","SC9"
"2013-10-08 13:07:16","vc-dev-1.vmware.com",,"sc9-vf-dev2-03.vmware.com","38383135-3837-5355-4532-323135334c4c","connected","poweredOn","HP","ProLiant BL685c G7","549719810048","AMD Opteron(TM) Processor 6276                 ","2299998952","4","64","64","VMware ESXi","5.0.0","914586",,"A20","SC9"
"2013-10-08 13:07:16","vc-dev-1.vmware.com",,"sc9-vf-dev2-04.vmware.com","38383135-3837-5355-4532-333041423931","connected","poweredOn","HP","ProLiant BL685c G7","549719810048","AMD Opteron(TM) Processor 6276                 ","2299999121","4","64","64","VMware ESXi","5.0.0","914586",,"A20","SC9"
"2013-10-08 13:07:16","vc-dev-1.vmware.com",,"sc9-vf-dev2-05.vmware.com","38383135-3837-5355-4532-323437304236","connected","poweredOn","HP","ProLiant BL685c G7","549719810048","AMD Opteron(TM) Processor 6276                 ","2299998611","4","64","64","VMware ESXi","5.0.0","914586",,"A20","SC9"
"2013-10-08 13:07:16","vc-dev-1.vmware.com",,"sc9-vf-dev2-06.vmware.com","38383135-3837-5355-4532-333041423859","connected","poweredOn","HP","ProLiant BL685c G7","549719810048","AMD Opteron(TM) Processor 6276                 ","2299998946","4","64","64","VMware ESXi","5.0.0","914586",,"A20","SC9"
"2013-10-08 13:14:05","vc-prod-1.vmware.com",,"wdc-prod-vmg1-1.vmware.com","d4f73e8a-d6bf-e111-0000-00000000008d","connected","poweredOn","Cisco Systems Inc","UCSB-B200-M3","274816643072","Intel(R) Xeon(R) CPU E5-2680 0 @ 2.70GHz","2699999280","2","16","32","VMware ESXi","5.0.0","1117897",,"B200M3.2.0.3.0.051620121210","North America Remote Sites"
"2013-10-08 13:14:05","vc-prod-1.vmware.com",,"wdc-prod-vmg1-2.vmware.com","d4f73e8a-d6bf-e111-0000-00000000009d","connected","poweredOn","Cisco Systems Inc","UCSB-B200-M3","274816643072","Intel(R) Xeon(R) CPU E5-2680 0 @ 2.70GHz","2699999305","2","16","32","VMware ESXi","5.0.0","1117897",,"B200M3.2.0.3.0.051620121210","North America Remote Sites"
"2013-10-08 13:14:05","vc-prod-1.vmware.com",,"wdc-t2prod1-1.vmware.com","34343335-3237-5553-4538-35304a423150","connected","poweredOn","HP","ProLiant BL680c G5","68715982848","Intel(R) Xeon(R) CPU           E7340  @ 2.40GHz","2400084584","4","16","16","VMware ESXi","5.0.0","1117897",,"I17","North America Remote Sites"
"2013-10-08 13:14:05","vc-prod-1.vmware.com",,"wdc-t2prod1-2.vmware.com","34343335-3237-5553-4538-35304a42314c","connected","poweredOn","HP","ProLiant BL680c G5","68715982848","Intel(R) Xeon(R) CPU           E7340  @ 2.40GHz","2400084555","4","16","16","VMware ESXi","5.0.0","1117897",,"I17","North America Remote Sites"
"2013-10-08 13:14:05","vc-prod-1.vmware.com",,"wdc-t2prod1-3.vmware.com","34343335-3237-5553-4538-35324a4c4344","connected","poweredOn","HP","ProLiant BL680c G5","68715982848","Intel(R) Xeon(R) CPU           E7340  @ 2.40GHz","2400084611","4","16","16","VMware ESXi","5.0.0","1117897",,"I17","North America Remote Sites"
"2013-10-08 13:14:05","vc-prod-1.vmware.com",,"wdc-t2prod1-4.vmware.com","34343335-3237-5553-4538-35324a4c4330","connected","poweredOn","HP","ProLiant BL680c G5","68715982848","Intel(R) Xeon(R) CPU           E7340  @ 2.40GHz","2400085035","4","16","16","VMware ESXi","5.0.0","1117897",,"I17","North America Remote Sites"
"2013-10-08 13:14:05","vc-prod-1.vmware.com",,"wdc-itlab1-4.vmware.com","00000000-0000-5755-4330-433956305a30","notResponding","unknown","HP","ProLiant BL680c G7","549744910336","Intel(R) Xeon(R) CPU E7- 4850  @ 2.00GHz","1997833194","4","40","80","VMware ESXi","5.0.0","821926",,"I25","North America Remote Sites"
"2013-10-08 13:14:05","vc-prod-1.vmware.com",,"wdc-mail-dr1-6.vmware.com","37333036-3831-5355-4530-3431324d4b52","notResponding","unknown","HP","ProLiant BL460c G7","103068446720","Intel(R) Xeon(R) CPU           X5670  @ 2.93GHz","2933437219","2","12","24","VMware ESXi","5.0.0","1117897",,"I27","North America Remote Sites"
"2013-10-08 13:14:05","vc-prod-1.vmware.com",,"network-esx1.vmware.com","48384441-3852-0030-485b-0030485b188c","connected","poweredOn","Supermicro","H8DA8/H8DAR","4294430720","Dual Core AMD Opteron(tm) Processor 270","1994317675","2","4","4","VMware ESXi","5.0.0","623860",,"080010","Palo Alto"
"2013-10-08 13:14:05","vc-prod-1.vmware.com",,"paix-vmg1-1.vmware.com","ec78d303-6ca1-11df-ac63-c84c7568558a","connected","poweredOn","Cisco Systems Inc","R210-2121605W","68648173568","Intel(R) Xeon(R) CPU           X5650  @ 2.67GHz","2666761000","2","12","24","VMware ESX","4.1.0","348481",,"C200.1.2.1a.0.080820102357","Palo Alto"
"2013-10-08 13:14:05","vc-prod-1.vmware.com",,"paix-vmg1-2.vmware.com","97ac6d11-6cbe-11df-b60e-c84c75685770","connected","poweredOn","Cisco Systems Inc","R210-2121605W","68650270720","Intel(R) Xeon(R) CPU           X5650  @ 2.67GHz","2666761000","2","12","24","VMware ESX","4.1.0","348481",,"C200.1.4.1.0.071320110702","Palo Alto"
"2013-10-08 13:14:05","vc-prod-1.vmware.com",,"paix-vmg1-3.vmware.com","24296b04-64c3-11e1-bd1d-5057a8af1cf0","connected","poweredOn","Cisco Systems Inc","R210-2121605W","68650004480","Intel(R) Xeon(R) CPU           X5650  @ 2.67GHz","2666760880","2","12","24","VMware ESXi","4.1.0","348481",,"C200.1.4.3c.0.022920120624","Palo Alto"
"2013-10-08 13:14:05","vc-prod-1.vmware.com",,"promb-prod-vmg1-1.vmware.com","34313133-3737-5553-4537-31304e41314d","connected","poweredOn","HP","ProLiant DL365 G1","17177620480","Dual-Core AMD Opteron(tm) Processor 2220","2800098886","1","2","2","VMware ESXi","5.0.0","702118",,"A10","Palo Alto"
"2013-10-08 13:14:05","vc-prod-1.vmware.com",,"promb-prod-vmg1-2.vmware.com","34313133-3737-5553-4537-31304e41314c","connected","poweredOn","HP","ProLiant DL365 G1","17177620480","Dual-Core AMD Opteron(tm) Processor 2220","2800099537","1","2","2","VMware ESXi","5.0.0","702118",,"A10","Palo Alto"
"2013-10-08 13:14:05","vc-prod-1.vmware.com",,"osdc-stg-vmg1-5.vmware.com","34343335-3237-5553-4538-333946384538","connected","poweredOn","HP","ProLiant BL680c G5","68715982848","Intel(R) Xeon(R) CPU           E7340  @ 2.40GHz","2400085117","4","16","16","VMware ESXi","5.0.0","1117897","USE839F8E8","I17","Palo Alto"
"2013-10-08 13:14:05","vc-prod-1.vmware.com",,"osdc-stg-vmg1-6.vmware.com","00000000-0000-5553-4538-333946384530","connected","poweredOn","HP","ProLiant BL680c G5","68715982848","Intel(R) Xeon(R) CPU           E7340  @ 2.40GHz","2400084729","4","16","16","VMware ESXi","5.0.0","1117897","USE839F8E0","I17","Palo Alto"
"2013-10-08 13:14:05","vc-prod-1.vmware.com",,"osdc-vmg2-8.vmware.com","34343335-3237-5553-4538-303939364337","connected","poweredOn","HP","ProLiant BL680c G5","68715982848","Intel(R) Xeon(R) CPU           E7340  @ 2.40GHz","2400084747","4","16","16","VMware ESXi","5.0.0","1117897","USE80996C7","I17","Palo Alto"
"2013-10-08 13:14:05","vc-prod-1.vmware.com",,"osdc-vmg2-2.vmware.com","34343335-3237-5553-4538-30393936424c","connected","poweredOn","HP","ProLiant BL680c G5","68715982848","Intel(R) Xeon(R) CPU           E7340  @ 2.40GHz","2400084677","4","16","16","VMware ESXi","5.0.0","1117897","USE80996BL","I17","Palo Alto"
"2013-10-08 13:14:05","vc-prod-1.vmware.com",,"osdc-vmg2-3.vmware.com","34343335-3237-5553-4538-333946384457","connected","poweredOn","HP","ProLiant BL680c G5","68715982848","Intel(R) Xeon(R) CPU           E7340  @ 2.40GHz","2400084664","4","16","16","VMware ESXi","5.0.0","1117897","USE839F8DW","I17","Palo Alto"
"2013-10-08 13:14:05","vc-prod-1.vmware.com",,"osdc-vmg2-5.vmware.com","34343335-3237-5553-4538-333946384450","connected","poweredOn","HP","ProLiant BL680c G5","68715982848","Intel(R) Xeon(R) CPU           E7340  @ 2.40GHz","2400084697","4","16","16","VMware ESXi","5.0.0","1117897","USE839F8DP","I17","Palo Alto"
"2013-10-08 13:14:05","vc-prod-1.vmware.com",,"osdc-vmg2-6.vmware.com","34343335-3237-5553-4538-303939364236","connected","poweredOn","HP","ProLiant BL680c G5","68715982848","Intel(R) Xeon(R) CPU           E7340  @ 2.40GHz","2400084729","4","16","16","VMware ESXi","5.0.0","1117897","USE80996B6","I17","Palo Alto"
"2013-10-08 13:14:05","vc-prod-1.vmware.com",,"osdc-vmg2-7.vmware.com","34343335-3237-5553-4538-303939364237","connected","poweredOn","HP","ProLiant BL680c G5","68715982848","Intel(R) Xeon(R) CPU           E7340  @ 2.40GHz","2400084742","4","16","16","VMware ESXi","5.0.0","1117897","USE80996B7","I17","Palo Alto"
"2013-10-08 13:14:05","vc-prod-1.vmware.com",,"osdc-vmg2-1.vmware.com","34343335-3237-5553-4538-33394638444d","connected","poweredOn","HP","ProLiant BL680c G5","68715982848","Intel(R) Xeon(R) CPU           E7340  @ 2.40GHz","2400084680","4","16","16","VMware ESXi","5.0.0","1117897","USE839F8DM","I17","Palo Alto"
"2013-10-08 13:14:05","vc-prod-1.vmware.com",,"osdc-vmg3-12.vmware.com","34303530-3234-5553-4537-333836395052","connected","poweredOn","HP","ProLiant BL685c G1","34357424128","Dual-Core AMD Opteron(tm) Processor 8218 HE","2612035996","4","8","8","VMware ESXi","5.0.0","1117897",,"A08","Palo Alto"
"2013-10-08 13:14:05","vc-prod-1.vmware.com",,"osdc-vmg3-14.vmware.com","34303530-3234-5553-4537-313533573234","connected","poweredOn","HP","ProLiant BL685c G1","34357424128","Dual-Core AMD Opteron(tm) Processor 8218","2612035978","4","8","8","VMware ESXi","5.0.0","1117897","USE7153W24","A08","Palo Alto"
"2013-10-08 13:14:05","vc-prod-1.vmware.com",,"osdc-vmg3-15.vmware.com","34303530-3234-5553-4537-333836414c46","connected","poweredOn","HP","ProLiant BL685c G1","34357424128","Dual-Core AMD Opteron(tm) Processor 8218","2612036051","4","8","8","VMware ESXi","5.0.0","1117897","USE7386ALF","A08","Palo Alto"
"2013-10-08 13:14:05","vc-prod-1.vmware.com",,"osdc-vmg3-9.vmware.com","34303530-3234-5553-4537-333836414c48","connected","poweredOn","HP","ProLiant BL685c G1","34357424128","Dual-Core AMD Opteron(tm) Processor 8218","2612036165","4","8","8","VMware ESXi","5.0.0","702118",,"A08","Palo Alto"
"2013-10-08 13:14:05","vc-prod-1.vmware.com",,"osdc-vmg3-7.vmware.com","34303530-3234-5553-4537-333836414c4a","connected","poweredOn","HP","ProLiant BL685c G1","34357424128","Dual-Core AMD Opteron(tm) Processor 8218","2612035898","4","8","8","VMware ESXi","5.0.0","1117897","USE7386ALJ","A08","Palo Alto"
"2013-10-08 13:14:05","vc-prod-1.vmware.com",,"osdc-stg-vmg1-2.vmware.com","34343335-3237-5553-4538-333946384535","connected","poweredOn","HP","ProLiant BL680c G5","68715982848","Intel(R) Xeon(R) CPU           E7340  @ 2.40GHz","2400084842","4","16","16","VMware ESXi","5.0.0","1117897","USE839F8E5","I17","Palo Alto"
"2013-10-08 13:14:05","vc-prod-1.vmware.com",,"osdc-stg-vmg1-3.vmware.com","34343335-3237-5553-4538-333946384452","connected","poweredOn","HP","ProLiant BL680c G5","68715982848","Intel(R) Xeon(R) CPU           E7340  @ 2.40GHz","2400084756","4","16","16","VMware ESXi","5.0.0","1117897","USE839F8DR","I17","Palo Alto"
"2013-10-08 13:14:05","vc-prod-1.vmware.com",,"osdc-stg-vmg1-4.vmware.com","34343335-3237-5553-4538-333946384537","connected","poweredOn","HP","ProLiant BL680c G5","68715982848","Intel(R) Xeon(R) CPU           E7340  @ 2.40GHz","2400084660","4","16","16","VMware ESXi","5.0.0","1117897","USE839F8E7","I17","Palo Alto"
"2013-10-08 13:14:05","vc-prod-1.vmware.com",,"sc9-prod-vmg3-1.vmware.com","38383135-3837-5355-4530-343233324a42","connected","poweredOn","HP","ProLiant BL685c G7","268399452160","AMD Opteron(tm) Processor 6174","2199999138","4","48","48","VMware ESXi","5.0.0","1024429",,"A20","Santa Clara"
"2013-10-08 13:14:05","vc-prod-1.vmware.com",,"sc9-prod-vmg3-2.vmware.com","38383135-3837-5355-4530-343233324a43","connected","poweredOn","HP","ProLiant BL685c G7","274841903104","AMD Opteron(tm) Processor 6174","2199999047","4","48","48","VMware ESXi","5.0.0","1024429",,"A20","Santa Clara"
"2013-10-08 13:14:05","vc-prod-1.vmware.com",,"sc9-prod-vmg3-7.vmware.com","38383135-3837-5355-4530-343233324a48","connected","poweredOn","HP","ProLiant BL685c G7","274841903104","AMD Opteron(tm) Processor 6174","2199999122","4","48","48","VMware ESXi","5.0.0","1024429",,"A20","Santa Clara"
"2013-10-08 13:14:05","vc-prod-1.vmware.com",,"sc9-prod-vmg3-6.vmware.com","38383135-3837-5355-4530-343233324a4a","connected","poweredOn","HP","ProLiant BL685c G7","274841903104","AMD Opteron(tm) Processor 6174","2199999098","4","48","48","VMware ESXi","5.0.0","1024429",,"A20","Santa Clara"
"2013-10-08 13:14:05","vc-prod-1.vmware.com",,"sc9-prod-vmg3-8.vmware.com","38383135-3837-5355-4530-343233324a4d","connected","poweredOn","HP","ProLiant BL685c G7","274841903104","AMD Opteron(tm) Processor 6174","2199998999","4","48","48","VMware ESXi","5.0.0","1024429",,"A20","Santa Clara"
"2013-10-08 13:14:05","vc-prod-1.vmware.com",,"sc9-prod-vmg3-13.vmware.com","38383135-3837-5355-4531-3239434d4c46","connected","poweredOn","HP","ProLiant BL685c G7","274841903104","AMD Opteron(tm) Processor 6176","2299999076","4","48","48","VMware ESXi","5.0.0","1024429",,"A20","Santa Clara"
"2013-10-08 13:14:05","vc-prod-1.vmware.com",,"sc9-prod-vmg3-14.vmware.com","38383135-3837-5355-4531-3239434d4c45","connected","poweredOn","HP","ProLiant BL685c G7","274841903104","AMD Opteron(tm) Processor 6176","2299998727","4","48","48","VMware ESXi","5.0.0","1024429",,"A20","Santa Clara"
"2013-10-08 13:14:05","vc-prod-1.vmware.com",,"sc9-prod-vmg3-3.vmware.com","38383135-3837-5355-4530-343233324a41","connected","poweredOn","HP","ProLiant BL685c G7","274841903104","AMD Opteron(tm) Processor 6174","2199999024","4","48","48","VMware ESXi","5.0.0","1024429",,"A20","Santa Clara"
"2013-10-08 13:14:05","vc-prod-1.vmware.com",,"sc9-prod-vmg3-5.vmware.com","36363135-3537-5355-4530-343233324a46","connected","poweredOn","HP","ProLiant BL685c G7","274841907200","AMD Opteron(tm) Processor 6174","2199999144","4","48","48","VMware ESXi","5.0.0","1024429",,"A20","Santa Clara"
"2013-10-08 13:14:05","vc-prod-1.vmware.com",,"sc9-prod-vmg3-4.vmware.com","38383135-3837-5355-4530-343233324a50","connected","poweredOn","HP","ProLiant BL685c G7","274841903104","AMD Opteron(tm) Processor 6174","2199998873","4","48","48","VMware ESXi","5.0.0","1024429",,"A20","Santa Clara"
"2013-10-08 13:14:05","vc-prod-1.vmware.com",,"sc9-prod-vmg4-2.vmware.com","37333036-3831-5355-4530-3431324d4c34","connected","poweredOn","HP","ProLiant BL460c G7","103068446720","Intel(R) Xeon(R) CPU           X5670  @ 2.93GHz","2933436621","2","12","24","VMware ESXi","5.0.0","1117897",,"I27","Santa Clara"
"2013-10-08 13:14:05","vc-prod-1.vmware.com",,"sc9-prod-vmg4-3.vmware.com","37333036-3831-5355-4530-3431324d4b4a","connected","poweredOn","HP","ProLiant BL460c G7","103068446720","Intel(R) Xeon(R) CPU           X5670  @ 2.93GHz","2933436534","2","12","24","VMware ESXi","5.0.0","1117897",,"I27","Santa Clara"
"2013-10-08 13:14:05","vc-prod-1.vmware.com",,"sc9-prod-vmg4-1.vmware.com","37333036-3831-5355-4530-3431324d4b50","connected","poweredOn","HP","ProLiant BL460c G7","103068446720","Intel(R) Xeon(R) CPU           X5670  @ 2.93GHz","2933436623","2","12","24","VMware ESXi","5.0.0","1117897",,"I27","Santa Clara"
"2013-10-08 13:14:05","vc-prod-1.vmware.com",,"sc9-prod-vmg4-5.vmware.com","37333036-3831-5355-4530-3431324d4c36","connected","poweredOn","HP","ProLiant BL460c G7","103068446720","Intel(R) Xeon(R) CPU           X5670  @ 2.93GHz","2933436587","2","12","24","VMware ESXi","5.0.0","1117897",,"I27","Santa Clara"
"2013-10-08 13:14:05","vc-prod-1.vmware.com",,"sc9-prod-vmg4-6.vmware.com","37333036-3831-5355-4530-3431324d4b53","connected","poweredOn","HP","ProLiant BL460c G7","103068446720","Intel(R) Xeon(R) CPU           X5670  @ 2.93GHz","2933436692","2","12","24","VMware ESXi","5.0.0","1117897",,"I27","Santa Clara"
"2013-10-08 13:14:05","vc-prod-1.vmware.com",,"sc9-prod-vmg4-7.vmware.com","37333036-3831-5355-4530-3431324d4c31","connected","poweredOn","HP","ProLiant BL460c G7","103068446720","Intel(R) Xeon(R) CPU           X5670  @ 2.93GHz","2933436653","2","12","24","VMware ESXi","5.0.0","1117897",,"I27","Santa Clara"
"2013-10-08 13:14:05","vc-prod-1.vmware.com",,"sc9-prod-vmg4-8.vmware.com","37333036-3831-5355-4530-3431324d4c41","connected","poweredOn","HP","ProLiant BL460c G7","103068446720","Intel(R) Xeon(R) CPU           X5670  @ 2.93GHz","2933436770","2","12","24","VMware ESXi","5.0.0","1117897",,"I27","Santa Clara"
"2013-10-08 13:14:05","vc-prod-1.vmware.com",,"sc9-prod-vmg4-9.vmware.com","37333036-3831-5355-4530-3431324d4c39","connected","poweredOn","HP","ProLiant BL460c G7","103068446720","Intel(R) Xeon(R) CPU           X5670  @ 2.93GHz","2933436900","2","12","24","VMware ESXi","5.0.0","1117897",,"I27","Santa Clara"
"2013-10-08 13:14:05","vc-prod-1.vmware.com",,"sc9-prod-vmg4-10.vmware.com","37333036-3831-5355-4530-3431324d4b4b","connected","poweredOn","HP","ProLiant BL460c G7","103068446720","Intel(R) Xeon(R) CPU           X5670  @ 2.93GHz","2933436683","2","12","24","VMware ESXi","5.0.0","1117897",,"I27","Santa Clara"
"2013-10-08 13:14:05","vc-prod-1.vmware.com",,"sc9-prod-vmg4-4.vmware.com","37333036-3831-5355-4530-3431324d4b58","connected","poweredOn","HP","ProLiant BL460c G7","103068446720","Intel(R) Xeon(R) CPU           X5670  @ 2.93GHz","2933436661","2","12","24","VMware ESXi","5.0.0","1117897",,"I27","Santa Clara"
"2013-10-08 13:14:05","vc-prod-1.vmware.com",,"sc9-prod-vmg4-11.vmware.com","37333036-3931-5355-4531-34364b594233","connected","poweredOn","HP","ProLiant BL490c G7","154608025600","Intel(R) Xeon(R) CPU           X5675  @ 3.07GHz","3066774641","2","12","24","VMware ESXi","5.0.0","1117897",,"I28","Santa Clara"
"2013-10-08 13:14:05","vc-prod-1.vmware.com",,"sc9-prod-vmg4-13.vmware.com","37333036-3931-5355-4531-323943503654","connected","poweredOn","HP","ProLiant BL490c G7","103068418048","Intel(R) Xeon(R) CPU           X5670  @ 2.93GHz","2933436586","2","12","24","VMware ESXi","5.0.0","1117897",,"I28","Santa Clara"
"2013-10-08 13:14:05","vc-prod-1.vmware.com",,"sc9-prod-vmg4-12.vmware.com","37333036-3931-5355-4531-34364b594236","connected","poweredOn","HP","ProLiant BL490c G7","154608025600","Intel(R) Xeon(R) CPU           X5675  @ 3.07GHz","3066775226","2","12","24","VMware ESXi","5.0.0","1117897",,"I28","Santa Clara"
"2013-10-08 13:14:05","vc-prod-1.vmware.com",,"sc9-prod-vmg3-9.vmware.com","38383135-3837-5355-4531-3239434d4c42","connected","poweredOn","HP","ProLiant BL685c G7","274841903104","AMD Opteron(tm) Processor 6176","2299998782","4","48","48","VMware ESXi","5.0.0","1117897",,"A20","Santa Clara"
"2013-10-08 13:14:05","vc-prod-1.vmware.com",,"sc9-prod-vmg3-10.vmware.com","38383135-3837-5355-4531-3239434d4c41","connected","poweredOn","HP","ProLiant BL685c G7","274841903104","AMD Opteron(tm) Processor 6176","2299998732","4","48","48","VMware ESXi","5.0.0","1117897",,"A20","Santa Clara"
"2013-10-08 13:14:05","vc-prod-1.vmware.com",,"sc9-prod-vmg3-11.vmware.com","38383135-3837-5355-4531-3239434d4c39","connected","poweredOn","HP","ProLiant BL685c G7","274841903104","AMD Opteron(tm) Processor 6176","2299998816","4","48","48","VMware ESXi","5.0.0","1117897",,"A20","Santa Clara"
"2013-10-08 13:14:05","vc-prod-1.vmware.com",,"sc9-prod-vmg3-12.vmware.com","38383135-3837-5355-4531-3239434d4c43","connected","poweredOn","HP","ProLiant BL685c G7","274841903104","AMD Opteron(tm) Processor 6176","2299998841","4","48","48","VMware ESXi","5.0.0","1117897",,"A20","Santa Clara"
"2013-10-08 13:14:05","vc-prod-1.vmware.com",,"sc9-prod-vmg5-1.vmware.com","37333036-3931-5355-4531-31323835534c","connected","poweredOn","HP","ProLiant BL490c G7","103068418048","Intel(R) Xeon(R) CPU           X5650  @ 2.67GHz","2666760593","2","12","24","VMware ESXi","5.0.0","1117897",,"I28","Santa Clara"
"2013-10-08 13:14:05","vc-prod-1.vmware.com",,"sc9-prod-vmg5-2.vmware.com","37333036-3931-5355-4531-313238355438","connected","poweredOn","HP","ProLiant BL490c G7","103068418048","Intel(R) Xeon(R) CPU           X5650  @ 2.67GHz","2666761044","2","12","24","VMware ESXi","5.0.0","1117897",,"I28","Santa Clara"
"2013-10-08 13:14:05","vc-prod-1.vmware.com",,"sc9-prod-vmg5-3.vmware.com","37333036-3931-5355-4531-34364b594232","connected","poweredOn","HP","ProLiant BL490c G7","154608021504","Intel(R) Xeon(R) CPU           X5675  @ 3.07GHz","3066774662","2","12","24","VMware ESXi","5.0.0","1117897",,"I28","Santa Clara"
"2013-10-08 13:14:05","vc-prod-1.vmware.com",,"sc9-prod-vmg5-4.vmware.com","37333036-3931-5355-4531-34364b594230","connected","poweredOn","HP","ProLiant BL490c G7","154608025600","Intel(R) Xeon(R) CPU           X5675  @ 3.07GHz","3066774741","2","12","24","VMware ESXi","5.0.0","1117897",,"I28","Santa Clara"
"2013-10-08 13:14:05","vc-prod-1.vmware.com",,"sc9-prod-vmg5-5.vmware.com","37333036-3931-5355-4531-34364b594231","connected","poweredOn","HP","ProLiant BL490c G7","154608021504","Intel(R) Xeon(R) CPU           X5675  @ 3.07GHz","3066774367","2","12","24","VMware ESXi","5.0.0","1117897",,"I28","Santa Clara"
"2013-10-08 13:14:05","vc-prod-1.vmware.com",,"sc9-prod-vmg5-6.vmware.com","37333036-3931-5355-4531-34364b594157","connected","poweredOn","HP","ProLiant BL490c G7","154608021504","Intel(R) Xeon(R) CPU           X5675  @ 3.07GHz","3066775103","2","12","24","VMware ESXi","5.0.0","1117897",,"I28","Santa Clara"
"2013-10-08 13:14:05","vc-prod-1.vmware.com",,"sc9-prod-vmg6-1.vmware.com","37333436-3638-5355-4531-34364b573458","connected","poweredOn","HP","ProLiant BL620c G7","274866999296","Intel(R) Xeon(R) CPU E7- 2870  @ 2.40GHz","2397400244","2","20","40","VMware ESXi","5.0.0","1117897",,"I25","Santa Clara"
"2013-10-08 13:14:05","vc-prod-1.vmware.com",,"sc9-prod-vmg6-2.vmware.com","37333436-3638-5355-4531-34364b573454","connected","poweredOn","HP","ProLiant BL620c G7","274866999296","Intel(R) Xeon(R) CPU E7- 2870  @ 2.40GHz","2397400215","2","20","40","VMware ESXi","5.0.0","1117897",,"I25","Santa Clara"
"2013-10-08 13:14:05","vc-prod-1.vmware.com",,"sc9-j10bc1-14.vmware.com","30313436-3631-5355-4532-333343315746","connected","poweredOn","HP","ProLiant BL460c Gen8","274841538560","Intel(R) Xeon(R) CPU E5-2680 0 @ 2.70GHz","2699999261","2","16","32","VMware ESXi","5.0.0","1117897",,"I31","Santa Clara"
"2013-10-08 13:14:05","vc-prod-1.vmware.com",,"sc9-j10bc1-15.vmware.com","30313436-3631-5355-4532-333343315738","connected","poweredOn","HP","ProLiant BL460c Gen8","274841538560","Intel(R) Xeon(R) CPU E5-2680 0 @ 2.70GHz","2699999665","2","16","32","VMware ESXi","5.0.0","1117897",,"I31","Santa Clara"
"2013-10-08 13:14:05","vc-prod-1.vmware.com",,"sc9-j11bc1-14.vmware.com","30313436-3631-5355-4532-333343315737","connected","poweredOn","HP","ProLiant BL460c Gen8","274841538560","Intel(R) Xeon(R) CPU E5-2680 0 @ 2.70GHz","2700000274","2","16","32","VMware ESXi","5.0.0","1117897",,"I31","Santa Clara"
"2013-10-08 13:14:05","vc-prod-1.vmware.com",,"sc9-j11bc1-15.vmware.com","30313436-3631-5355-4532-333343315736","connected","poweredOn","HP","ProLiant BL460c Gen8","274841538560","Intel(R) Xeon(R) CPU E5-2680 0 @ 2.70GHz","2699999054","2","16","32","VMware ESXi","5.0.0","1117897",,"I31","Santa Clara"
"2013-10-08 13:14:05","vc-prod-1.vmware.com",,"sc9-j10bc1-12.vmware.com","30313436-3631-5355-4532-3334434a4636","connected","poweredOn","HP","ProLiant BL460c Gen8","274841538560","Intel(R) Xeon(R) CPU E5-2680 0 @ 2.70GHz","2699999276","2","16","32","VMware ESXi","5.0.0","1117897",,"I31","Santa Clara"
"2013-10-08 13:14:05","vc-prod-1.vmware.com",,"sc9-j10bc1-13.vmware.com","30313436-3631-5355-4532-333343315732","connected","poweredOn","HP","ProLiant BL460c Gen8","274841538560","Intel(R) Xeon(R) CPU E5-2680 0 @ 2.70GHz","2699998938","2","16","32","VMware ESXi","5.0.0","1117897",,"I31","Santa Clara"
"2013-10-08 13:14:05","vc-prod-1.vmware.com",,"sc9-j11bc1-12.vmware.com","30313436-3631-5355-4532-3334434a4642","connected","poweredOn","HP","ProLiant BL460c Gen8","274841538560","Intel(R) Xeon(R) CPU E5-2680 0 @ 2.70GHz","2700000303","2","16","32","VMware ESXi","5.0.0","1117897",,"I31","Santa Clara"
"2013-10-08 13:14:05","vc-prod-1.vmware.com",,"sc9-j11bc1-13.vmware.com","30313436-3631-5355-4532-3334434a4633","connected","poweredOn","HP","ProLiant BL460c Gen8","274841538560","Intel(R) Xeon(R) CPU E5-2680 0 @ 2.70GHz","2699998927","2","16","32","VMware ESXi","5.0.0","1117897",,"I31","Santa Clara"
"2013-10-08 13:14:05","vc-prod-1.vmware.com",,"sc9-j10bc1-09.vmware.com","30313436-3631-5355-4532-3334434a4558","connected","poweredOn","HP","ProLiant BL460c Gen8","274841538560","Intel(R) Xeon(R) CPU E5-2680 0 @ 2.70GHz","2699999020","2","16","32","VMware ESXi","5.0.0","1117897",,"I31","Santa Clara"
"2013-10-08 13:14:05","vc-prod-1.vmware.com",,"sc9-j11bc1-09.vmware.com","30313436-3631-5355-4532-333343315734","connected","poweredOn","HP","ProLiant BL460c Gen8","274841538560","Intel(R) Xeon(R) CPU E5-2680 0 @ 2.70GHz","2699999239","2","16","32","VMware ESXi","5.0.0","1117897",,"I31","Santa Clara"
"2013-10-08 13:14:05","vc-prod-1.vmware.com",,"sc9-j10bc1-10.vmware.com","30313436-3631-5355-4532-3334434a4632","connected","poweredOn","HP","ProLiant BL460c Gen8","274841538560","Intel(R) Xeon(R) CPU E5-2680 0 @ 2.70GHz","2699999598","2","16","32","VMware ESXi","5.0.0","1117897",,"I31","Santa Clara"
"2013-10-08 13:14:05","vc-prod-1.vmware.com",,"sc9-j10bc1-11.vmware.com","30313436-3631-5355-4532-3334434a4635","connected","poweredOn","HP","ProLiant BL460c Gen8","274841538560","Intel(R) Xeon(R) CPU E5-2680 0 @ 2.70GHz","2699999942","2","16","32","VMware ESXi","5.0.0","1117897",,"I31","Santa Clara"
"2013-10-08 13:14:05","vc-prod-1.vmware.com",,"sc9-j11bc1-11.vmware.com","30313436-3631-5355-4532-3334434a4557","connected","poweredOn","HP","ProLiant BL460c Gen8","274841538560","Intel(R) Xeon(R) CPU E5-2680 0 @ 2.70GHz","2699999965","2","16","32","VMware ESXi","5.0.0","1117897",,"I31","Santa Clara"
"2013-10-08 13:14:05","vc-prod-1.vmware.com",,"sc9-j11bc1-10.vmware.com","30313436-3631-5355-4532-3334434a4638","connected","poweredOn","HP","ProLiant BL460c Gen8","274841538560","Intel(R) Xeon(R) CPU E5-2680 0 @ 2.70GHz","2699999015","2","16","32","VMware ESXi","5.0.0","1117897",,"I31","Santa Clara"
"2013-10-08 13:14:05","vc-prod-1.vmware.com",,"sc9-p8j06-16.vmware.com","30313436-3631-584d-5132-353030323734","connected","poweredOn","HP","ProLiant BL460c Gen8","274841538560","Intel(R) Xeon(R) CPU E5-2680 0 @ 2.70GHz","2699998942","2","16","32","VMware ESXi","5.0.0","914586",,"I31","Santa Clara"
"2013-10-08 13:14:05","vc-prod-1.vmware.com",,"sc9-p8j11-08.vmware.com","30313436-3631-5355-4532-333041365334","connected","poweredOn","HP","ProLiant BL460c Gen8","274841538560","Intel(R) Xeon(R) CPU E5-2680 0 @ 2.70GHz","2699999265","2","16","32","VMware ESXi","5.0.0","914586",,"I31","Santa Clara"
"2013-10-08 13:14:05","vc-prod-1.vmware.com",,"sc9-p8j12-15.vmware.com","30313436-3631-5355-4532-333343315733","connected","poweredOn","HP","ProLiant BL460c Gen8","274841538560","Intel(R) Xeon(R) CPU E5-2680 0 @ 2.70GHz","2699999273","2","16","32","VMware ESXi","5.0.0","914586",,"I31","Santa Clara"
"2013-10-08 13:14:05","vc-prod-1.vmware.com",,"sc9-p8j13-05.vmware.com","30313436-3631-5355-4532-3334434a4634","connected","poweredOn","HP","ProLiant BL460c Gen8","274841538560","Intel(R) Xeon(R) CPU E5-2680 0 @ 2.70GHz","2699999285","2","16","32","VMware ESXi","5.0.0","914586",,"I31","Santa Clara"
"2013-10-08 13:14:05","vc-prod-1.vmware.com",,"sc9-p8j13-06.vmware.com","30313436-3631-5355-4532-3334434a4646","connected","poweredOn","HP","ProLiant BL460c Gen8","274841538560","Intel(R) Xeon(R) CPU E5-2680 0 @ 2.70GHz","2699999272","2","16","32","VMware ESXi","5.0.0","914586",,"I31","Santa Clara"
"2013-10-08 13:14:05","vc-prod-1.vmware.com",,"sc9-p8j13-08.vmware.com","30313436-3631-5355-4532-333343315739","connected","poweredOn","HP","ProLiant BL460c Gen8","274841538560","Intel(R) Xeon(R) CPU E5-2680 0 @ 2.70GHz","2699999441","2","16","32","VMware ESXi","5.0.0","914586",,"I31","Santa Clara"
"2013-10-08 13:14:05","vc-prod-1.vmware.com",,"sc9-p8j13-13.vmware.com","30313436-3631-5355-4532-3334434a4641","connected","poweredOn","HP","ProLiant BL460c Gen8","274841538560","Intel(R) Xeon(R) CPU E5-2680 0 @ 2.70GHz","2699999599","2","16","32","VMware ESXi","5.0.0","914586",,"I31","Santa Clara"
"2013-10-08 13:14:05","vc-prod-1.vmware.com",,"sc9-prod-rac-01.vmware.com","31393736-3831-5355-4533-30335430564e","connected","poweredOn","HP","ProLiant BL660c Gen8","549719302144","Intel(R) Xeon(R) CPU E5-4640 0 @ 2.40GHz","2399998507","4","32","64","VMware ESXi","5.0.0","1117897",,"I32","Santa Clara"
"2013-10-08 13:14:05","vc-prod-1.vmware.com",,"sc9-prod-rac-02.vmware.com","31393736-3831-5355-4533-303354305657","connected","poweredOn","HP","ProLiant BL660c Gen8","549719302144","Intel(R) Xeon(R) CPU E5-4640 0 @ 2.40GHz","2399998692","4","32","64","VMware ESXi","5.0.0","1117897",,"I32","Santa Clara"
"2013-10-08 13:14:05","vc-prod-1.vmware.com",,"sc9-prod-rac-03.vmware.com","31393736-3831-5355-4533-303354305650","connected","poweredOn","HP","ProLiant BL660c Gen8","549719302144","Intel(R) Xeon(R) CPU E5-4640 0 @ 2.40GHz","2399998376","4","32","64","VMware ESXi","5.0.0","1117897",,"I32","Santa Clara"
"2013-10-08 13:14:05","vc-prod-1.vmware.com",,"sc9-prod-rac-04.vmware.com","31393736-3831-5355-4533-303354305659","connected","poweredOn","HP","ProLiant BL660c Gen8","549719302144","Intel(R) Xeon(R) CPU E5-4640 0 @ 2.40GHz","2399998228","4","32","64","VMware ESXi","5.0.0","1117897",,"I32","Santa Clara"
"2013-10-08 13:14:05","vc-prod-1.vmware.com",,"sc9-prod-rac-05.vmware.com","31393736-3831-5355-4533-303354305656","connected","poweredOn","HP","ProLiant BL660c Gen8","549719302144","Intel(R) Xeon(R) CPU E5-4640 0 @ 2.40GHz","2399998769","4","32","64","VMware ESXi","5.0.0","1117897",,"I32","Santa Clara"
"2013-10-08 13:14:05","vc-prod-1.vmware.com",,"sc9-prod-rac-06.vmware.com","31393736-3831-5355-4533-303354305653","connected","poweredOn","HP","ProLiant BL660c Gen8","549719302144","Intel(R) Xeon(R) CPU E5-4640 0 @ 2.40GHz","2399998899","4","32","64","VMware ESXi","5.0.0","1117897",,"I32","Santa Clara"
"2013-10-08 13:14:05","vc-prod-1.vmware.com",,"sc9-stage-vmg2-2.vmware.com","38383135-3837-5355-4530-343233324a4c","connected","poweredOn","HP","ProLiant BL685c G7","274841903104","AMD Opteron(tm) Processor 6174","2199999085","4","48","48","VMware ESXi","5.0.0","1117897",,"A20","Santa Clara"
"2013-10-08 13:14:05","vc-prod-1.vmware.com",,"sc9-stage-vmg2-3.vmware.com","38383135-3837-5355-4530-343233324a4e","connected","poweredOn","HP","ProLiant BL685c G7","274841903104","AMD Opteron(tm) Processor 6174","2199999102","4","48","48","VMware ESXi","5.0.0","1117897",,"A20","Santa Clara"
"2013-10-08 13:14:05","vc-prod-1.vmware.com",,"sc9-stage-vmg2-1.vmware.com","38383135-3837-5355-4530-343233324a44","connected","poweredOn","HP","ProLiant BL685c G7","274841903104","AMD Opteron(tm) Processor 6174","2199998987","4","48","48","VMware ESXi","5.0.0","1117897",,"A20","Santa Clara"
"2013-10-08 13:14:05","vc-prod-1.vmware.com",,"sc9-stage-vmg2-4.vmware.com","38383135-3837-5355-4531-3239434d4c44","connected","poweredOn","HP","ProLiant BL685c G7","274841903104","AMD Opteron(tm) Processor 6176","2299999178","4","48","48","VMware ESXi","5.0.0","1117897",,"A20","Santa Clara"
"2013-10-08 13:14:05","vc-prod-1.vmware.com",,"sc9-stage-vmg3-1.vmware.com","36303337-3139-5553-4531-313238355431","notResponding","unknown","HP","ProLiant BL490c G7","103068418048","Intel(R) Xeon(R) CPU           X5650  @ 2.67GHz","2666760969","2","12","24","VMware ESXi","5.0.0","702118",,"I28","Santa Clara"
"2013-10-08 13:14:05","vc-prod-1.vmware.com",,"sc9-stage-vmg3-2.vmware.com","37333036-3931-5355-4531-313238355437","notResponding","unknown","HP","ProLiant BL490c G7","103068418048","Intel(R) Xeon(R) CPU           X5650  @ 2.67GHz","2666761032","2","12","24","VMware ESXi","5.0.0","914586",,"I28","Santa Clara"
"2013-10-08 13:14:05","vc-prod-1.vmware.com",,"sc9-stage-vmg5-1.vmware.com","37333036-3931-5355-4531-313238355346","connected","poweredOn","HP","ProLiant BL490c G7","103068418048","Intel(R) Xeon(R) CPU           X5650  @ 2.67GHz","2666760750","2","12","24","VMware ESXi","5.0.0","1117897",,"I28","Santa Clara"
"2013-10-08 13:14:05","vc-prod-1.vmware.com",,"sc9-stage-vmg5-2.vmware.com","37333036-3931-5355-4531-313238355434","connected","poweredOn","HP","ProLiant BL490c G7","103068418048","Intel(R) Xeon(R) CPU           X5650  @ 2.67GHz","2666761082","2","12","24","VMware ESXi","5.0.0","1117897",,"I28","Santa Clara"
"2013-10-08 13:14:05","vc-prod-1.vmware.com",,"sc9-stage-vmg5-3.vmware.com","37333036-3931-5355-4531-34364b594158","connected","poweredOn","HP","ProLiant BL490c G7","154608021504","Intel(R) Xeon(R) CPU           X5675  @ 3.07GHz","3066774700","2","12","24","VMware ESXi","5.0.0","1117897",,"I28","Santa Clara"
"2013-10-08 13:14:05","vc-prod-1.vmware.com",,"sc9-stage-vmg5-4.vmware.com","37333036-3931-5355-4531-34364b594235","connected","poweredOn","HP","ProLiant BL490c G7","154608021504","Intel(R) Xeon(R) CPU           X5675  @ 3.07GHz","3066774715","2","12","24","VMware ESXi","5.0.0","1117897",,"I28","Santa Clara"
"2013-10-08 13:14:05","vc-prod-1.vmware.com",,"sc9-stage-vmg5-5.vmware.com","37333036-3931-5355-4531-34364b594244","connected","poweredOn","HP","ProLiant BL490c G7","154608021504","Intel(R) Xeon(R) CPU           X5675  @ 3.07GHz","3066774975","2","12","24","VMware ESXi","5.0.0","1117897",,"I28","Santa Clara"
"2013-10-08 13:14:05","vc-prod-1.vmware.com",,"sc9-stage-vmg5-6.vmware.com","37333036-3931-5355-4531-34364b594234","connected","poweredOn","HP","ProLiant BL490c G7","154608021504","Intel(R) Xeon(R) CPU           X5675  @ 3.07GHz","3066775081","2","12","24","VMware ESXi","5.0.0","1117897",,"I28","Santa Clara"
"2013-10-08 13:14:05","vc-prod-1.vmware.com",,"sc9-stage-vmg6-1.vmware.com","37333436-3638-5355-4531-34364b593535","connected","poweredOn","HP","ProLiant BL620c G7","274866999296","Intel(R) Xeon(R) CPU E7- 2870  @ 2.40GHz","2397400317","2","20","40","VMware ESXi","5.0.0","1117897",,"I25","Santa Clara"
"2013-10-08 13:14:05","vc-prod-1.vmware.com",,"sc9-stage-vmg6-2.vmware.com","37333436-3638-5355-4531-34364b593537","connected","poweredOn","HP","ProLiant BL620c G7","274866999296","Intel(R) Xeon(R) CPU E7- 2870  @ 2.40GHz","2397400122","2","20","40","VMware ESXi","5.0.0","1117897",,"I25","Santa Clara"
"2013-10-08 13:14:05","vc-prod-1.vmware.com",,"sc9-j10bc1-01.vmware.com","30313436-3631-5355-4532-3334434a4630","connected","poweredOn","HP","ProLiant BL460c Gen8","274841538560","Intel(R) Xeon(R) CPU E5-2680 0 @ 2.70GHz","2699999275","2","16","32","VMware ESXi","5.0.0","1024429",,"I31","Santa Clara"
"2013-10-08 13:14:05","vc-prod-1.vmware.com",,"sc9-j10bc1-02.vmware.com","30313436-3631-5355-4532-3334434a4637","connected","poweredOn","HP","ProLiant BL460c Gen8","274841538560","Intel(R) Xeon(R) CPU E5-2680 0 @ 2.70GHz","2699999272","2","16","32","VMware ESXi","5.0.0","1024429",,"I31","Santa Clara"
"2013-10-08 13:14:05","vc-prod-1.vmware.com",,"sc9-j11bc1-02.vmware.com","30313436-3631-5355-4532-3334434a4643","connected","poweredOn","HP","ProLiant BL460c Gen8","274841538560","Intel(R) Xeon(R) CPU E5-2680 0 @ 2.70GHz","2699999257","2","16","32","VMware ESXi","5.0.0","1024429",,"I31","Santa Clara"
"2013-10-08 13:14:05","vc-prod-1.vmware.com",,"sc9-j11bc1-03.vmware.com","30313436-3631-5355-4532-3334434a4644","connected","poweredOn","HP","ProLiant BL460c Gen8","274841538560","Intel(R) Xeon(R) CPU E5-2680 0 @ 2.70GHz","2699999265","2","16","32","VMware ESXi","5.0.0","1117897",,"I31","Santa Clara"
"2013-10-08 13:14:05","vc-prod-1.vmware.com",,"sc9-j10bc1-04.vmware.com","30313436-3631-5355-4532-3334434a4648","connected","poweredOn","HP","ProLiant BL460c Gen8","274841538560","Intel(R) Xeon(R) CPU E5-2680 0 @ 2.70GHz","2699999281","2","16","32","VMware ESXi","5.0.0","1254542",,"I31","Santa Clara"
"2013-10-08 13:14:05","vc-prod-1.vmware.com",,"sc9-j10bc1-05.vmware.com","30313436-3631-5355-4532-333343315745","connected","poweredOn","HP","ProLiant BL460c Gen8","274841538560","Intel(R) Xeon(R) CPU E5-2680 0 @ 2.70GHz","2699999264","2","16","32","VMware ESXi","5.0.0","1254542",,"I31","Santa Clara"
"2013-10-08 13:14:05","vc-prod-1.vmware.com",,"sc9-j11bc1-04.vmware.com","30313436-3631-5355-4532-3334434a4631","connected","poweredOn","HP","ProLiant BL460c Gen8","274841538560","Intel(R) Xeon(R) CPU E5-2680 0 @ 2.70GHz","2699998947","2","16","32","VMware ESXi","5.0.0","1254542",,"I31","Santa Clara"
"2013-10-08 13:14:05","vc-prod-1.vmware.com",,"sc9-j11bc1-05.vmware.com","30313436-3631-5355-4532-3334434a4645","connected","poweredOn","HP","ProLiant BL460c Gen8","274841538560","Intel(R) Xeon(R) CPU E5-2680 0 @ 2.70GHz","2699999267","2","16","32","VMware ESXi","5.0.0","1254542",,"I31","Santa Clara"
"2013-10-08 13:14:05","vc-prod-1.vmware.com",,"sc9-j08bc1-08.vmware.com","30313436-3631-584d-5133-33303039395a","connected","poweredOn","HP","ProLiant BL460c Gen8","274841538560","Intel(R) Xeon(R) CPU E5-2680 0 @ 2.70GHz","2699999256","2","16","32","VMware ESXi","5.0.0","1254542",,"I31","Santa Clara"
"2013-10-08 13:14:05","vc-prod-1.vmware.com",,"sc9-j08bc1-07.vmware.com","30313436-3631-584d-5133-333030393957","connected","poweredOn","HP","ProLiant BL460c Gen8","274841538560","Intel(R) Xeon(R) CPU E5-2680 0 @ 2.70GHz","2699999951","2","16","32","VMware ESXi","5.0.0","1254542",,"I31","Santa Clara"
"2013-10-08 13:14:05","vc-prod-1.vmware.com",,"sc9-stage-rac-01.vmware.com","31393736-3831-5355-4533-303354305652","connected","poweredOn","HP","ProLiant BL660c Gen8","549719302144","Intel(R) Xeon(R) CPU E5-4640 0 @ 2.40GHz","2399998510","4","32","64","VMware ESXi","5.0.0","1117897",,"I32","Santa Clara"
"2013-10-08 13:14:05","vc-prod-1.vmware.com",,"sc9-stage-rac-02.vmware.com","31393736-3831-5355-4533-30335430564b","connected","poweredOn","HP","ProLiant BL660c Gen8","549719302144","Intel(R) Xeon(R) CPU E5-4640 0 @ 2.40GHz","2399998364","4","32","64","VMware ESXi","5.0.0","1117897",,"I32","Santa Clara"
"2013-10-08 13:14:05","vc-prod-1.vmware.com",,"sc9-stage-rac-03.vmware.com","31393736-3831-5355-4533-303354305658","connected","poweredOn","HP","ProLiant BL660c Gen8","549719302144","Intel(R) Xeon(R) CPU E5-4640 0 @ 2.40GHz","2399999317","4","32","64","VMware ESXi","5.0.0","1117897",,"I32","Santa Clara"
"2013-10-08 13:14:05","vc-prod-1.vmware.com",,"sc9-stage-rac-04.vmware.com","31393736-3831-5355-4533-30335430564c","connected","poweredOn","HP","ProLiant BL660c Gen8","549719302144","Intel(R) Xeon(R) CPU E5-4640 0 @ 2.40GHz","2399998518","4","32","64","VMware ESXi","5.0.0","1117897",,"I32","Santa Clara"
"2013-10-08 13:14:05","vc-prod-1.vmware.com",,"sc9-stage-rac-05.vmware.com","31393736-3831-5355-4533-30335430564d","connected","poweredOn","HP","ProLiant BL660c Gen8","549719302144","Intel(R) Xeon(R) CPU E5-4640 0 @ 2.40GHz","2399998363","4","32","64","VMware ESXi","5.0.0","1117897",,"I32","Santa Clara"
"2013-10-08 13:14:05","vc-prod-1.vmware.com",,"sc9-stage-rac-06.vmware.com","31393736-3831-5355-4533-303354305654","connected","poweredOn","HP","ProLiant BL660c Gen8","549719302144","Intel(R) Xeon(R) CPU E5-4640 0 @ 2.40GHz","2399998495","4","32","64","VMware ESXi","5.0.0","1117897",,"I32","Santa Clara"
"2013-10-08 13:14:05","vc-prod-1.vmware.com",,"sc9-stage7-sql-j07-07.vmware.com","30313436-3631-584d-5133-333030393958","connected","poweredOn","HP","ProLiant BL460c Gen8","274841538560","Intel(R) Xeon(R) CPU E5-2680 0 @ 2.70GHz","2699999626","2","16","32","VMware ESXi","5.0.0","914586",,"I31","Santa Clara"
"2013-10-08 13:14:05","vc-prod-1.vmware.com",,"sc9-stage7-sql-j07-08.vmware.com","30313436-3631-584d-5133-333030393959","connected","poweredOn","HP","ProLiant BL460c Gen8","274841538560","Intel(R) Xeon(R) CPU E5-2680 0 @ 2.70GHz","2699999280","2","16","32","VMware ESXi","5.0.0","914586",,"I31","Santa Clara"
"2013-10-08 13:14:05","vc-prod-1.vmware.com",,"sc9-vf-mgmt-03.vmware.com","32393735-3733-5355-4531-31304e464239","connected","poweredOn","HP","ProLiant DL360 G7","103068450816","Intel(R) Xeon(R) CPU           X5650  @ 2.67GHz","2666760609","2","12","24","VMware ESXi","5.0.0","1117897",,"P68","Santa Clara"
"2013-10-08 13:14:05","vc-prod-1.vmware.com",,"sc9-vf-mgmt-02.vmware.com","32393735-3733-5355-4531-31304e464241","connected","poweredOn","HP","ProLiant DL360 G7","103068450816","Intel(R) Xeon(R) CPU           X5650  @ 2.67GHz","2666760728","2","12","24","VMware ESXi","5.0.0","1117897",,"P68","Santa Clara"
"2013-10-08 13:14:05","vc-prod-1.vmware.com",,"sc9-vf-mgmt-01.vmware.com","32393735-3733-5355-4531-31304e464242","connected","poweredOn","HP","ProLiant DL360 G7","103068450816","Intel(R) Xeon(R) CPU           X5650  @ 2.67GHz","2666761199","2","12","24","VMware ESXi","5.0.0","1117897",,"P68","Santa Clara"
"2013-10-08 13:14:05","vc-prod-1.vmware.com",,"sc9-mgmt1-01.vmware.com","30313436-3631-5355-4532-333343315742","connected","poweredOn","HP","ProLiant BL460c Gen8","274841538560","Intel(R) Xeon(R) CPU E5-2680 0 @ 2.70GHz","2699999950","2","16","32","VMware ESXi","5.0.0","1117897",,"I31","Santa Clara"
"2013-10-08 13:14:05","vc-prod-1.vmware.com",,"sc9-mgmt1-02.vmware.com","30313436-3631-5355-4532-333343315735","connected","poweredOn","HP","ProLiant BL460c Gen8","274841538560","Intel(R) Xeon(R) CPU E5-2680 0 @ 2.70GHz","2699998917","2","16","32","VMware ESXi","5.0.0","1117897",,"I31","Santa Clara"
"2013-10-08 13:14:05","vc-prod-1.vmware.com",,"sc9-mgmt1-03.vmware.com","30313436-3631-5355-4532-333343315658","connected","poweredOn","HP","ProLiant BL460c Gen8","274841538560","Intel(R) Xeon(R) CPU E5-2680 0 @ 2.70GHz","2699999580","2","16","32","VMware ESXi","5.0.0","1117897",,"I31","Santa Clara"
